"ACUTE ILLNESS - Persons suffering from Acute Illness (Per 100,000 Population) - Diarrhoea/Dysentery - Person - Urban","ACUTE ILLNESS - Persons suffering from Acute Illness (Per 100,000 Population) - Diarrhoea/Dysentery - Male - Urban","ACUTE ILLNESS - Persons suffering from Acute Illness (Per 100,000 Population) - Diarrhoea/Dysentery - Female - Urban","ACUTE ILLNESS - Persons suffering from Acute Illness (Per 100,000 Population) - Acute Respiratory Infection (ARI) - Person - Urban","ACUTE ILLNESS - Persons suffering from Acute Illness (Per 100,000 Population) - Acute Respiratory Infection (ARI) - Male - Urban","ACUTE ILLNESS - Persons suffering from Acute Illness (Per 100,000 Population) - Acute Respiratory Infection (ARI) - Female - Urban","ACUTE ILLNESS - Persons suffering from Acute Illness (Per 100,000 Population) - Fever (All Types) - Person - Urban","ACUTE ILLNESS - Persons suffering from Acute Illness (Per 100,000 Population) - Fever (All Types) - Male - Urban","ACUTE ILLNESS - Persons suffering from Acute Illness (Per 100,000 Population) - Fever (All Types) - Female - Urban","ACUTE ILLNESS - Persons suffering from Acute Illness (Per 100,000 Population) - Any type of Acute Illness - Person - Urban","ACUTE ILLNESS - Persons suffering from Acute Illness (Per 100,000 Population) - Any type of Acute Illness - Male - Urban","ACUTE ILLNESS - Persons suffering from Acute Illness (Per 100,000 Population) - Any type of Acute Illness - Female - Urban","CHRONIC ILLNESS - Having any kind of Symptoms of Chronic Illness (Per 100,000 Population) - Person - Urban","CHRONIC ILLNESS - Having any kind of Symptoms of Chronic Illness (Per 100,000 Population) - Male - Urban","CHRONIC ILLNESS - Having any kind of Symptoms of Chronic Illness (Per 100,000 Population) - Female - Urban",CHRONIC ILLNESS - Having any kind of Symptoms of Chronic Illness and sought Medical Care (%) - Person - Urban,CHRONIC ILLNESS - Having any kind of Symptoms of Chronic Illness and sought Medical Care (%) - Male - Urban,CHRONIC ILLNESS - Having any kind of Symptoms of Chronic Illness and sought Medical Care (%) - Female - Urban,"CHRONIC ILLNESS - Having diagnosed for Chronic Illness (Per 100,000 Population) - Diabetes - Person - Urban","CHRONIC ILLNESS - Having diagnosed for Chronic Illness (Per 100,000 Population) - Diabetes - Male - Urban","CHRONIC ILLNESS - Having diagnosed for Chronic Illness (Per 100,000 Population) - Diabetes - Female - Urban","CHRONIC ILLNESS - Having diagnosed for Chronic Illness (Per 100,000 Population) - Hypertension - Person - Urban","CHRONIC ILLNESS - Having diagnosed for Chronic Illness (Per 100,000 Population) - Hypertension - Male - Urban","CHRONIC ILLNESS - Having diagnosed for Chronic Illness (Per 100,000 Population) - Hypertension - Female - Urban","CHRONIC ILLNESS - Having diagnosed for Chronic Illness (Per 100,000 Population) - Tuberculosis (TB) - Person - Urban","CHRONIC ILLNESS - Having diagnosed for Chronic Illness (Per 100,000 Population) - Tuberculosis (TB) - Male - Urban","CHRONIC ILLNESS - Having diagnosed for Chronic Illness (Per 100,000 Population) - Tuberculosis (TB) - Female - Urban","CHRONIC ILLNESS - Having diagnosed for Chronic Illness (Per 100,000 Population) - Asthma / Chronic Respiratory Disease - Person - Urban","CHRONIC ILLNESS - Having diagnosed for Chronic Illness (Per 100,000 Population) - Asthma / Chronic Respiratory Disease - Male - Urban","CHRONIC ILLNESS - Having diagnosed for Chronic Illness (Per 100,000 Population) - Asthma / Chronic Respiratory Disease - Female - Urban","CHRONIC ILLNESS - Having diagnosed for Chronic Illness (Per 100,000 Population) - Arthritis - Person - Urban","CHRONIC ILLNESS - Having diagnosed for Chronic Illness (Per 100,000 Population) - Arthritis - Male - Urban","CHRONIC ILLNESS - Having diagnosed for Chronic Illness (Per 100,000 Population) - Arthritis - Female - Urban","CHRONIC ILLNESS - Having diagnosed for Chronic Illness (Per 100,000 Population) - Any kind of Chronic Illness - Person - Urban","CHRONIC ILLNESS - Having diagnosed for Chronic Illness (Per 100,000 Population) - Any kind of Chronic Illness - Male - Urban","CHRONIC ILLNESS - Having diagnosed for Chronic Illness (Per 100,000 Population) - Any kind of Chronic Illness - Female - Urban",CHILDHOOD DISEASES - Children suffering from Diarrhoea (%) - Urban,CHILDHOOD DISEASES - Children suffering from Diarrhoea who received HAF/ORS/ORT (%) - Urban,CHILDHOOD DISEASES - Children suffering from Acute Respiratory Infection (%) - Urban,CHILDHOOD DISEASES - Children suffering from Acute Respiratory Infection who sought treatment (%) - Urban,CHILDHOOD DISEASES - Children suffering from Fever (%) - Urban,CHILDHOOD DISEASES - Children suffering from Fever who sought treatment (%) - Urban,MORTALITY - Infant Mortality Rate (IMR) - Urban - Person,MORTALITY - Infant Mortality Rate (IMR) - Urban - Male,MORTALITY - Infant Mortality Rate (IMR) - Urban - Female,MORTALITY - Neo-natal Mortality Rate - Urban,MORTALITY - Post Neo-natal Mortality Rate - Urban,MORTALITY - Under Five Mortality Rate (U5MR) - Urban - Person,MORTALITY - Under Five Mortality Rate (U5MR) - Urban - Male,MORTALITY - Under Five Mortality Rate (U5MR) - Urban - Female,CONFIDENCE INTERVAL (95%) FOR SOME IMPORTANT INDICATORS - Infant Mortality Rate - Urban - Lower Limit,CONFIDENCE INTERVAL (95%) FOR SOME IMPORTANT INDICATORS - Infant Mortality Rate - Urban - Upper Limit,CONFIDENCE INTERVAL (95%) FOR SOME IMPORTANT INDICATORS - Under Five Mortality Rate (U5MR) - Urban - Lower Limit,CONFIDENCE INTERVAL (95%) FOR SOME IMPORTANT INDICATORS - Under Five Mortality Rate (U5MR) - Urban - Upper Limit
1545.78,1664.61,1413.91,162.14,164.41,159.64,4302.24,4130.7,4492.59,6312.83,6267.98,6362.6,5577.78,4767.78,6476.62,84.9,82.3,87.0,378.34,493.22,250.86,475.62,390.46,570.13,140.53,143.86,136.83,162.14,205.51,114.03,486.43,287.71,706.96,4648.15,3822.44,5564.42,17.5,92.0,21.0,93.3,22.4,87.5,54.96,64.94,42.97,44.33,10.64,68.0,73.0,61.0,32.67,77.26,47.0,88.0
178.51,198.1,155.64,4512.64,3936.02,5185.91,3047.65,2847.41,3281.45,8295.27,7496.2,9228.27,11217.26,9577.15,13132.3,97.47,98.26,96.79,770.89,866.44,659.32,932.45,666.49,1242.97,316.13,309.18,324.25,408.88,435.07,378.3,847.68,642.43,1087.33,9285.56,7794.28,11026.81,4.02,96.92,19.78,98.75,7.73,98.4,29.14,27.95,14.08,18.82,10.32,40.0,38.0,41.0,23.6,34.69,34.0,45.0
,,,,,,,,,,,,,,,,,,,,,,,,,,,,,,,,,,,,,,,,,,,,,,,,,,,,,
807.88,784.31,834.8,4197.82,4200.83,4194.38,7701.81,7266.79,8198.72,13027.5,12578.73,13540.11,14795.34,12745.1,17137.23,99.49,99.53,99.45,1713.98,1907.31,1493.15,1542.9,1265.6,1859.64,402.36,404.04,400.43,617.79,606.06,631.19,2075.15,1336.9,2918.42,14833.35,12768.87,17191.53,12.61,90.0,20.0,97.3,36.22,96.02,72.04,63.97,62.76,46.18,25.86,85.0,71.0,101.0,58.61,85.48,71.0,99.0
593.0,604.0,580.0,1412.0,1440.0,1380.0,3012.0,2720.0,3340.0,5638.0,5404.0,5900.0,6296.0,5440.0,7260.0,88.2,96.4,81.3,1224.0,1262.0,1180.0,1224.0,960.0,1520.0,245.0,249.0,240.0,678.0,711.0,640.0,866.0,569.0,1200.0,6136.0,5280.0,7100.0,24.0,85.3,16.2,95.4,24.7,86.8,37.0,31.0,44.0,25.0,12.0,43.0,39.0,47.0,22.0,52.0,26.0,59.0
,,,,,,,,,,,,,,,,,,,,,,,,,,,,,,,,,,,,,,,,,,,,,,,,,,,,,
776.17,719.88,838.46,1187.48,1250.32,1117.94,3409.84,3233.14,3605.37,5605.68,5430.66,5799.33,4365.13,4344.53,4387.93,92.71,94.19,91.08,935.39,1010.36,852.43,875.68,808.28,950.25,145.95,164.18,125.77,192.38,176.81,209.61,311.8,227.33,405.25,5678.65,5544.33,5827.28,23.14,91.53,21.18,100.0,36.86,97.87,32.31,35.81,28.3,20.56,11.75,41.0,42.0,40.0,17.93,46.68,26.0,56.0
,,,,,,,,,,,,,,,,,,,,,,,,,,,,,,,,,,,,,,,,,,,,,,,,,,0.0,72.0,0.0,62.0
472.0,525.0,414.0,1580.0,1553.0,1609.0,2865.0,2626.0,3120.0,6024.0,5685.0,6386.0,8936.0,8973.0,8896.0,97.5,98.2,96.7,1261.0,1758.0,731.0,2534.0,2306.0,2778.0,94.0,114.0,73.0,271.0,388.0,146.0,660.0,365.0,975.0,8252.0,8356.0,8140.0,11.1,85.7,10.3,88.5,16.3,63.4,21.0,30.0,12.0,10.0,12.0,25.0,36.0,12.0,9.0,33.0,11.0,38.0
131.0,206.0,53.0,105.0,103.0,107.0,3065.0,3244.0,2880.0,3904.0,4119.0,3680.0,4742.0,4686.0,4800.0,91.2,94.5,87.8,576.0,669.0,480.0,1231.0,1184.0,1280.0,157.0,257.0,53.0,419.0,360.0,480.0,445.0,515.0,373.0,4559.0,4531.0,4587.0,50.0,64.7,4.3,100.0,35.7,92.0,45.0,46.0,45.0,23.0,23.0,56.0,53.0,59.0,21.0,70.0,25.0,86.0
719.0,790.0,640.0,4229.0,3791.0,4712.0,10365.0,9795.0,10995.0,15810.0,14903.0,16812.0,12078.0,11269.0,12973.0,90.4,92.5,88.3,1575.0,2054.0,1047.0,1271.0,1211.0,1338.0,138.0,158.0,116.0,359.0,421.0,291.0,1962.0,1685.0,2269.0,11001.0,10742.0,11286.0,2.0,100.0,20.0,100.0,20.0,100.0,46.0,46.0,45.0,41.0,5.0,58.0,52.0,64.0,22.0,69.0,27.0,89.0
,,,,,,,,,,,,,,,,,,,,,,,,,,,,,,,,,,,,,,,,,,,,,,,,,,,,,
599.46,643.41,546.92,1339.04,1386.9,1281.83,2436.75,2330.57,2563.66,5184.9,5104.38,5281.15,6430.52,5533.31,7502.99,86.7,85.8,87.5,365.9,400.34,324.73,513.82,386.05,666.55,147.92,142.98,153.82,934.22,943.67,922.92,1237.84,886.47,1657.84,5644.22,4889.91,6545.89,28.4,96.8,45.0,98.0,33.9,100.0,67.75,56.93,80.84,32.52,35.23,78.0,65.0,93.0,34.59,100.91,58.0,97.0
695.89,695.35,696.52,440.73,260.76,646.77,1530.97,1216.86,1890.55,3247.51,2607.56,3980.1,4291.35,3780.96,4875.62,98.92,97.7,100.0,208.77,260.76,149.25,579.91,478.05,696.52,162.38,130.38,199.0,139.18,130.38,149.25,301.55,217.3,398.01,3618.65,2998.7,4328.36,2.82,100.0,35.21,100.0,7.04,100.0,56.28,70.87,25.17,43.29,12.99,78.0,100.0,52.0,25.08,87.47,44.0,113.0
431.0,386.0,480.0,6838.0,6488.0,7219.0,1819.0,1657.0,1997.0,9207.0,8634.0,9834.0,7860.0,7412.0,8350.0,94.5,95.9,93.1,2105.0,2398.0,1785.0,2094.0,1977.0,2222.0,193.0,188.0,199.0,356.0,374.0,337.0,909.0,520.0,1334.0,7609.0,7234.0,8019.0,7.7,87.8,28.8,95.3,12.4,93.5,19.0,19.0,20.0,12.0,7.0,24.0,22.0,27.0,15.0,23.0,20.0,29.0
379.0,315.0,450.0,4904.0,4955.0,4848.0,4146.0,3964.0,4348.0,9548.0,9324.0,9795.0,11277.0,10000.0,12694.0,85.9,84.2,87.4,995.0,1126.0,850.0,1753.0,1847.0,1649.0,95.0,90.0,100.0,853.0,901.0,800.0,1066.0,721.0,1449.0,9998.0,9144.0,10945.0,4.6,75.0,23.0,100.0,25.3,100.0,36.0,18.0,58.0,30.0,7.0,40.0,25.0,58.0,22.0,51.0,18.0,62.0
846.27,802.28,892.17,350.37,295.58,407.53,9017.9,7885.57,10199.36,11373.44,10060.17,12743.69,9686.29,9036.21,10364.58,96.99,97.31,96.71,2042.91,2396.28,1674.19,1913.54,1720.68,2114.77,161.71,158.34,165.22,501.29,496.15,506.66,1326.0,981.74,1685.21,9379.04,8803.97,9979.07,18.87,85.96,28.81,88.51,28.15,94.12,27.0,21.0,33.0,15.0,12.0,36.0,27.0,45.0,12.0,42.0,24.0,47.0
284.64,384.62,174.05,2029.2,1739.51,2349.64,15306.22,15576.92,15006.77,17688.92,17770.98,17598.14,14392.62,12351.4,16650.55,99.33,99.43,99.25,2355.16,2342.66,2368.98,2502.07,2027.97,3026.49,339.73,445.8,222.39,555.5,585.66,522.14,803.42,437.06,1208.66,12051.23,10611.89,13643.4,17.19,83.33,13.18,100.0,11.17,94.87,47.62,56.7,37.25,34.8,12.82,52.0,61.0,42.0,33.55,61.69,39.0,65.0
803.42,803.52,803.3,2064.48,2200.11,1910.55,4617.11,4228.05,5058.62,7790.09,7461.26,8163.27,4139.12,3711.5,4624.4,92.4,90.2,94.4,284.76,344.37,217.11,579.68,401.76,781.59,162.72,133.92,195.4,223.74,229.58,217.11,152.55,153.05,151.98,3427.23,3118.42,3777.68,10.5,94.7,14.4,100.0,13.8,100.0,53.63,44.94,64.75,31.55,22.08,61.0,50.0,74.0,38.97,68.28,42.0,79.0
315.0,215.0,428.0,1376.0,1147.0,1631.0,2436.0,2413.0,2461.0,4657.0,4301.0,5055.0,4316.0,3919.0,4761.0,94.2,94.5,93.8,505.0,526.0,481.0,719.0,550.0,909.0,215.0,287.0,134.0,593.0,669.0,508.0,1035.0,812.0,1284.0,4404.0,3967.0,4894.0,33.1,65.0,26.0,100.0,26.0,85.0,,,,,,,,,,,,
126.55,71.19,189.8,1328.78,1162.79,1518.44,632.75,379.69,921.91,2239.94,1756.05,2792.84,5580.87,4722.35,6561.82,100.0,100.0,100.0,291.07,355.96,216.92,303.72,284.77,325.38,240.45,213.57,271.15,316.38,379.69,244.03,404.96,261.03,569.41,4467.22,3915.52,5097.61,2.56,100.0,10.26,100.0,5.13,100.0,44.62,30.89,38.46,26.37,18.26,60.0,35.0,88.0,19.44,69.81,39.0,81.0
,,,,,,,,,,,,,,,,,,,,,,,,,,,,,,,,,,,,,,,,,,,,,,,,,,,,,
,,,,,,,,,,,,,,,,,,,,,,,,,,,,,,,,,,,,,,,,,,,,,,,,,,,,,
1391.0,1296.0,1501.0,1645.0,1944.0,1299.0,2782.0,2741.0,2829.0,6032.0,6230.0,5803.0,3330.0,3514.0,3118.0,96.8,94.3,100.0,1030.0,1271.0,751.0,455.0,449.0,462.0,201.0,224.0,173.0,428.0,623.0,202.0,655.0,623.0,693.0,4454.0,5009.0,3811.0,7.6,100.0,9.2,90.9,16.8,100.0,34.0,35.0,33.0,23.0,11.0,43.0,39.0,47.0,15.0,53.0,25.0,61.0
,,,22.4,0.0,46.82,3965.05,3522.34,4447.57,4659.5,4166.67,5196.63,12477.6,11683.85,13342.7,97.13,97.06,97.19,2486.56,3178.69,1732.21,3539.43,3565.29,3511.24,112.01,128.87,93.63,470.43,343.64,608.61,918.46,515.46,1357.68,10506.27,10524.05,10486.89,,,,,,,,,,,,,,,0.0,48.0,3.0,43.0
117.0,140.0,91.0,689.0,631.0,754.0,3770.0,3587.0,3972.0,7239.0,6789.0,7740.0,10429.0,9079.0,11930.0,81.9,82.6,81.4,738.0,865.0,598.0,443.0,315.0,585.0,191.0,140.0,247.0,498.0,479.0,520.0,824.0,678.0,987.0,5365.0,4966.0,5808.0,3.6,57.1,28.6,100.0,29.2,92.9,40.0,40.0,41.0,23.0,17.0,47.0,44.0,49.0,27.0,53.0,34.0,59.0
162.9,155.67,170.83,1150.48,1323.21,960.92,2158.42,2043.2,2284.86,4164.12,4280.99,4035.87,9183.47,8211.71,10249.84,99.67,99.76,99.58,397.07,369.72,427.08,794.14,525.39,1089.05,183.26,175.13,192.18,529.42,700.53,341.66,631.24,583.77,683.32,7065.77,6382.56,7815.5,1.11,100.0,12.78,100.0,6.67,100.0,47.97,63.91,98.04,40.59,7.38,71.0,86.0,57.0,26.73,69.21,49.0,93.0
913.16,701.75,1152.62,1602.68,1263.16,1987.28,7808.42,7719.3,7909.38,10398.81,9754.39,11128.78,6149.83,5964.91,6359.3,94.8,94.7,95.0,1267.24,1578.95,914.15,1024.97,1052.63,993.64,55.91,105.26,0.0,447.26,421.05,476.95,894.52,561.4,1271.86,5609.39,5473.68,5763.12,0.0,0.0,0.0,0.0,10.8,100.0,46.58,17.05,82.19,27.95,18.63,57.0,32.0,87.0,33.18,59.99,32.0,82.0
551.46,678.66,403.6,1645.88,1404.67,1926.25,1561.04,1373.11,1779.49,4021.38,3708.96,4384.52,3189.96,3125.0,3265.46,94.9,97.5,92.1,432.68,441.92,421.94,364.81,284.09,458.63,203.61,252.53,146.76,551.45,473.48,642.08,602.36,568.18,642.08,3393.57,3140.78,3687.4,9.7,100.0,7.0,100.0,8.6,93.8,65.1,68.03,61.78,36.17,28.93,84.0,81.0,88.0,35.81,94.39,61.0,107.0
410.81,489.8,326.32,16515.21,15673.68,17415.2,3137.06,2778.22,3520.82,20229.06,19102.3,21434.09,14963.28,12140.68,17981.97,94.56,96.23,93.36,385.91,441.63,326.32,983.44,642.36,1348.22,311.22,353.3,266.21,1286.36,1445.32,1116.36,5195.24,3589.21,6912.84,14954.98,12140.68,17964.79,8.51,90.7,43.76,95.02,31.49,98.11,73.25,71.69,69.31,42.04,31.21,89.0,81.0,98.0,55.09,91.4,75.0,103.0
329.1,332.23,326.04,7052.19,6312.29,7778.3,1622.0,1613.67,1630.18,9214.86,8448.03,9967.4,22849.08,20028.48,25617.14,99.59,99.53,99.64,963.8,1186.52,745.23,634.7,332.23,931.53,446.64,616.99,279.46,540.67,854.3,232.88,2444.76,1518.75,3353.52,15115.19,13763.64,16441.55,6.56,100.0,16.39,100.0,22.95,100.0,,,,,,,,,,,,
315.0,299.0,332.0,3851.0,3604.0,4121.0,2274.0,2072.0,2495.0,6993.0,6489.0,7541.0,10844.0,9655.0,12137.0,89.9,90.5,89.3,1970.0,2268.0,1646.0,1916.0,1815.0,2025.0,192.0,200.0,183.0,524.0,487.0,565.0,1854.0,1212.0,2553.0,9858.0,8973.0,10821.0,8.4,83.9,23.2,94.3,19.8,93.5,22.0,21.0,23.0,14.0,8.0,29.0,27.0,31.0,19.0,24.0,27.0,31.0
122.41,146.16,98.43,1028.28,730.82,1328.74,342.76,341.05,344.49,1652.59,1339.83,1968.5,9083.12,6918.39,11269.69,90.7,94.01,88.65,1309.83,1242.39,1377.95,2313.62,2095.01,2534.45,73.45,48.72,98.43,293.79,316.69,270.67,2252.42,1023.14,3494.09,8813.81,6626.07,11023.62,0.0,0.0,2.38,100.0,3.57,100.0,,,,,,,,,,,,
377.05,368.76,386.29,1301.99,1184.49,1433.02,6739.72,6168.29,7376.95,8589.61,7844.45,9420.56,6286.08,5598.39,7052.96,74.3,77.4,71.6,447.74,581.07,299.07,830.68,525.2,1171.34,159.07,134.09,186.92,494.87,424.63,573.21,1160.6,826.91,1532.71,5137.27,4559.17,5781.93,0.0,0.0,12.7,90.3,13.5,97.0,54.12,53.48,54.84,42.96,11.17,70.0,62.0,79.0,38.19,70.06,56.0,85.0
53.29,78.86,25.61,520.56,559.89,477.98,1623.15,1458.88,1800.96,2352.75,2271.11,2441.11,4976.02,4755.15,5215.09,92.7,93.4,92.0,413.99,457.38,367.02,1205.07,1048.81,1374.19,143.46,165.6,119.49,487.76,536.24,435.3,955.04,733.38,1194.95,4607.12,4400.28,4831.0,10.7,97.5,14.9,100.0,12.0,95.6,45.59,43.13,48.54,29.41,16.18,61.0,56.0,67.0,28.88,62.29,49.0,74.0
,,,,,,,,,,,,,,,,,,,,,,,,,,,,,,,,,,,,,,,,,,34.0,24.0,47.0,27.0,7.0,34.0,24.0,47.0,18.0,50.0,5.0,64.0
1122.96,819.67,1443.42,308.82,382.51,230.95,898.37,546.45,1270.21,2554.74,1748.63,3406.47,6569.34,6229.51,6928.41,100.0,100.0,100.0,364.96,327.87,404.16,533.41,491.8,577.37,168.44,163.93,173.21,449.19,601.09,288.68,224.59,163.93,288.68,5558.67,5136.61,6004.62,2.82,100.0,22.54,100.0,4.23,100.0,,,,,,,,,,,,
499.0,284.0,732.0,296.0,319.0,270.0,1940.0,1774.0,2120.0,3271.0,2945.0,3624.0,15096.0,14585.0,15652.0,99.4,99.5,99.3,1220.0,1490.0,925.0,4231.0,3762.0,4742.0,314.0,461.0,154.0,407.0,461.0,347.0,1090.0,816.0,1388.0,15059.0,14656.0,15497.0,10.2,100.0,14.8,94.7,20.3,80.8,,,,,,,,,,,,
375.02,382.02,368.27,11178.42,10725.83,11614.73,2697.25,2380.25,3002.83,14481.47,13752.57,15184.14,15664.21,14134.59,17138.81,99.08,98.54,99.5,1601.04,1910.08,1303.12,1831.82,1351.75,2294.62,533.68,411.4,651.56,605.8,587.72,623.23,1802.97,1469.29,2124.65,15433.43,14163.97,16657.22,11.88,75.0,28.71,100.0,31.68,93.75,72.99,72.07,45.98,48.66,24.33,82.0,80.0,85.0,29.81,116.17,56.0,109.0
624.02,641.34,604.73,364.01,394.67,329.85,4394.18,3206.71,5717.43,5928.24,4736.06,7256.73,16510.66,14306.86,18966.47,86.3,88.28,84.64,936.04,1184.02,659.7,2938.12,2762.7,3133.59,182.01,296.0,54.98,780.03,592.01,989.55,2834.11,2072.03,3683.34,13520.54,12136.16,15063.22,22.37,88.24,34.21,80.77,23.68,77.78,,,,,,,,,5.0,60.0,25.0,86.0
419.95,481.6,352.3,12663.13,11990.61,13401.08,5582.12,4951.84,6273.71,19214.37,17868.61,20691.06,12430.55,9780.19,15338.75,96.52,96.84,96.29,1098.33,1099.04,1097.56,1330.92,963.2,1734.42,368.26,358.11,379.4,1195.24,1407.76,962.06,3055.95,1555.94,4701.9,12320.71,9644.36,15257.45,7.28,69.23,32.77,99.15,35.29,98.41,71.05,52.92,58.22,44.4,26.64,84.0,66.0,101.0,52.66,89.43,68.0,100.0
470.0,411.0,533.0,2177.0,1850.0,2531.0,8867.0,9204.0,8502.0,12665.0,12388.0,12963.0,12168.0,11024.0,13403.0,88.3,89.2,87.4,1141.0,1603.0,642.0,982.0,822.0,1155.0,171.0,247.0,89.0,854.0,740.0,977.0,1535.0,1270.0,1821.0,11137.0,10680.0,11631.0,12.5,71.4,39.3,100.0,37.5,85.7,44.0,39.0,49.0,19.0,25.0,50.0,39.0,61.0,22.0,67.0,26.0,74.0
,,,,,,,,,,,,,,,,,,,,,,,,,,,,,,,,,,,,,,,,,,,,,,,,,,,,,
343.0,337.0,350.0,2488.0,2424.0,2553.0,1390.0,1279.0,1504.0,4598.0,4310.0,4897.0,8646.0,7037.0,10318.0,79.0,84.7,74.9,360.0,539.0,175.0,789.0,774.0,804.0,206.0,269.0,140.0,686.0,606.0,769.0,1098.0,875.0,1329.0,6656.0,5657.0,7695.0,11.8,93.3,37.8,100.0,41.7,98.1,54.0,54.0,54.0,42.0,12.0,66.0,68.0,64.0,35.0,73.0,42.0,90.0
238.01,212.55,266.12,9245.07,8913.14,9611.77,2551.13,2352.27,2770.82,12361.47,11789.71,12993.11,7155.08,5852.35,8594.24,93.04,93.22,92.9,550.39,609.32,485.28,394.2,240.9,563.56,208.26,226.73,187.85,937.15,1034.43,829.68,2394.94,1530.4,3350.03,7132.76,5809.83,8594.24,7.84,75.0,32.68,94.0,19.28,88.14,49.34,42.89,52.52,28.88,20.46,61.0,57.0,65.0,32.44,66.23,44.0,77.0
269.19,333.07,203.0,6101.69,5858.15,6354.04,7278.17,6054.08,8546.49,14646.06,13068.18,16280.96,8634.1,7405.96,9906.62,96.42,96.83,96.11,648.06,607.37,690.22,628.12,489.81,771.42,408.77,411.44,406.01,1286.14,1391.07,1177.43,1425.72,960.03,1908.24,8644.07,7386.36,9947.22,6.94,66.67,37.96,98.78,25.46,96.36,50.52,57.38,43.93,34.18,16.34,64.0,68.0,59.0,22.76,78.28,46.0,83.0
440.0,465.0,412.0,1576.0,1544.0,1611.0,2160.0,2032.0,2299.0,4980.0,4797.0,5182.0,5326.0,4678.0,6039.0,94.0,94.1,93.9,1081.0,1143.0,1013.0,1600.0,1257.0,1977.0,164.0,159.0,169.0,554.0,563.0,545.0,677.0,413.0,967.0,5788.0,5113.0,6532.0,14.6,87.8,18.7,96.2,21.6,93.8,38.0,35.0,42.0,26.0,12.0,52.0,45.0,59.0,35.0,41.0,48.0,55.0
1304.0,1289.0,1322.0,5297.0,5231.0,5374.0,8150.0,7885.0,8458.0,15037.0,14708.0,15419.0,12184.0,10235.0,14449.0,88.6,88.9,88.4,815.0,607.0,1057.0,1630.0,1365.0,1938.0,204.0,303.0,88.0,1263.0,1440.0,1057.0,1467.0,1213.0,1762.0,8761.0,7961.0,9692.0,22.8,92.3,42.1,100.0,49.1,89.3,,,,,,,,,,,,
67.0,69.98,63.41,363.74,297.41,443.88,373.31,227.43,549.57,842.35,594.82,1141.41,6049.58,5528.34,6679.35,99.53,99.68,99.37,421.17,384.88,465.02,698.77,419.87,1035.72,296.74,297.41,295.92,765.77,839.75,676.39,823.2,717.28,951.17,5369.96,5020.99,5791.59,23.11,100.0,18.4,100.0,20.28,97.67,59.28,69.57,30.49,42.12,17.16,96.0,95.0,98.0,38.9,79.66,73.0,119.0
503.16,438.8,569.26,3873.16,4180.14,3557.87,6002.81,5127.02,6902.28,13479.99,12170.9,14824.48,12777.91,11016.17,14587.29,95.7,96.23,95.28,1193.54,1501.15,877.61,1872.22,1200.92,2561.67,93.61,161.66,23.72,397.85,323.33,474.38,1743.51,1085.45,2419.35,11198.22,9653.58,12784.63,8.87,100.0,15.6,81.82,30.14,88.24,,,,,,,,,14.0,59.0,22.0,54.0
26.0,50.0,0.0,65.0,75.0,54.0,375.0,275.0,484.0,479.0,399.0,565.0,2524.0,2096.0,2985.0,96.4,94.0,98.2,337.0,349.0,323.0,311.0,175.0,457.0,129.0,50.0,215.0,414.0,399.0,430.0,65.0,75.0,54.0,2304.0,1872.0,2770.0,4.2,100.0,4.2,100.0,6.9,100.0,36.0,26.0,47.0,24.0,12.0,52.0,42.0,63.0,18.0,53.0,32.0,71.0
340.0,420.0,257.0,1437.0,1235.0,1648.0,1797.0,1804.0,1790.0,7781.0,7525.0,8047.0,14280.0,11070.0,17626.0,86.8,84.6,88.2,908.0,1285.0,515.0,996.0,988.0,1004.0,353.0,321.0,386.0,1084.0,1112.0,1056.0,1828.0,1359.0,2317.0,8877.0,8673.0,9090.0,6.9,42.9,56.9,100.0,53.9,100.0,44.0,47.0,41.0,23.0,21.0,54.0,56.0,51.0,28.0,61.0,33.0,74.0
393.0,426.0,357.0,1572.0,548.0,2664.0,2502.0,2012.0,3024.0,4609.0,3003.0,6323.0,8205.0,7664.0,8782.0,84.4,85.9,83.0,880.0,1035.0,715.0,645.0,609.0,682.0,173.0,183.0,162.0,534.0,579.0,487.0,677.0,595.0,765.0,5513.0,5530.0,5496.0,9.3,88.9,25.8,100.0,20.6,90.0,26.0,23.0,29.0,13.0,13.0,30.0,23.0,37.0,11.0,40.0,13.0,46.0
413.39,446.3,381.26,19374.4,19302.65,19444.44,1157.5,1059.97,1252.72,21400.03,21115.76,21677.56,10417.53,10209.21,10620.92,91.93,92.08,91.79,496.07,529.99,462.96,454.73,334.73,571.9,454.73,641.56,272.33,1226.4,1534.17,925.93,2356.35,1757.32,2941.18,9122.23,8340.31,9885.62,9.35,70.0,65.42,98.57,52.34,95.54,,,,,,,,,,,,
,,,,,,,,,,,,,,,,,,,,,,,,,,,,,,,,,,,,,,,,,,,,,,,,,,,,,
349.66,321.22,382.05,676.52,542.51,829.13,1748.32,1513.31,2015.93,3051.96,2655.44,3503.5,6605.6,5375.12,8006.83,95.05,94.69,95.33,748.74,792.35,699.07,763.94,549.65,1007.97,167.23,235.56,89.42,554.9,656.72,438.95,1896.55,1070.74,2836.94,6088.71,4989.65,7340.27,5.28,91.3,3.67,100.0,13.99,98.36,22.96,15.92,31.88,19.26,3.7,36.0,36.0,38.0,13.13,32.79,26.0,46.0
328.48,251.96,408.16,771.21,615.9,932.94,1928.02,1623.74,2244.9,4055.98,3527.44,4606.41,2542.13,2323.63,2769.68,75.84,97.59,56.84,956.87,1231.8,670.55,1142.53,895.86,1399.42,57.13,28.0,87.46,99.97,111.98,87.46,142.82,55.99,233.24,3141.96,3079.51,3207.0,6.92,100.0,26.15,100.0,20.0,92.31,,,,,,,,,,,,
242.0,336.0,136.0,7445.0,7896.0,6933.0,3061.0,2256.0,3973.0,14242.0,13872.0,14661.0,12367.0,11587.0,13252.0,73.7,76.4,71.0,969.0,1296.0,599.0,1581.0,1536.0,1633.0,434.0,504.0,354.0,663.0,552.0,789.0,1173.0,840.0,1551.0,7396.0,7296.0,7510.0,2.0,100.0,25.5,100.0,20.4,100.0,44.0,49.0,37.0,27.0,16.0,50.0,56.0,45.0,31.0,56.0,32.0,68.0
867.0,884.0,848.0,4820.0,4529.0,5128.0,2585.0,2400.0,2781.0,8859.0,8336.0,9414.0,17627.0,16686.0,18623.0,95.6,96.0,95.2,2319.0,2780.0,1832.0,5420.0,5087.0,5772.0,174.0,207.0,139.0,466.0,534.0,394.0,2068.0,1577.0,2588.0,16285.0,15462.0,17156.0,9.1,88.7,16.4,88.2,21.0,84.7,31.0,30.0,32.0,21.0,10.0,36.0,34.0,39.0,27.0,35.0,33.0,40.0
,,,,,,,,,,,,,,,,,,,,,,,,,,,,,,,,,,,,,,,,,,,,,,,,,,,,,
588.13,563.29,615.27,2975.26,3048.38,2895.4,3978.55,3578.53,4415.49,8718.21,8184.23,9301.48,4168.83,4075.55,4270.72,97.93,99.19,96.61,847.6,1060.3,615.27,1868.19,1623.59,2135.36,138.38,165.67,108.58,86.49,99.4,72.39,190.28,165.67,217.16,4618.58,4837.64,4379.3,3.61,100.0,9.64,100.0,8.43,85.71,,,,,,,,,,,,
860.94,988.96,734.21,15505.08,14257.46,16740.09,2640.21,2851.49,2431.07,19260.41,18328.66,20182.74,9371.93,8406.13,10327.95,95.98,97.65,94.63,2869.79,3642.66,2104.75,2074.45,1582.33,2561.59,459.17,675.79,244.74,737.95,346.13,1125.8,1008.53,576.89,1435.8,9773.7,9428.05,10115.84,5.42,72.73,17.73,100.0,17.24,100.0,31.11,24.1,37.9,25.19,5.93,35.0,27.0,44.0,18.56,43.67,21.0,49.0
216.5,224.82,206.93,481.12,449.64,517.33,2525.86,1933.45,3207.45,3223.48,2607.91,3931.71,6567.24,5845.32,7397.83,94.14,96.15,92.31,264.61,314.75,206.93,529.23,494.6,569.06,360.84,404.68,310.4,457.06,449.64,465.6,481.12,314.75,672.53,5172.0,5035.97,5328.5,1.64,100.0,22.13,96.3,2.46,100.0,73.83,53.89,37.04,43.62,30.2,96.0,72.0,125.0,43.79,103.87,62.0,129.0
278.34,261.87,295.51,1667.84,1592.68,1746.22,3844.13,3644.72,4052.12,6252.74,5962.91,6555.03,4771.19,4357.35,5202.83,93.75,89.36,97.59,1001.58,1107.58,891.02,1350.05,1086.12,1625.32,100.82,111.62,89.55,238.89,253.28,223.87,405.45,223.23,595.5,5042.96,4739.42,5359.54,10.57,84.72,15.42,98.1,10.72,98.63,18.41,16.64,20.21,13.61,4.8,23.0,19.0,26.0,13.7,23.11,17.0,28.0
463.0,517.0,405.0,1415.0,1501.0,1321.0,1617.0,1533.0,1708.0,4127.0,4181.0,4068.0,4565.0,3664.0,5548.0,93.4,93.8,93.0,463.0,597.0,317.0,489.0,339.0,652.0,143.0,97.0,194.0,497.0,436.0,564.0,1204.0,807.0,1638.0,5079.0,4165.0,6076.0,5.7,70.0,9.1,93.8,11.9,100.0,42.0,34.0,50.0,23.0,19.0,73.0,62.0,85.0,28.0,56.0,55.0,91.0
1007.58,1054.85,956.34,1127.29,1131.57,1122.66,6005.59,5140.01,6943.87,9676.78,8649.79,10790.02,8908.62,7479.86,10457.38,89.2,89.5,89.1,728.25,843.88,602.91,2324.42,1342.54,3388.77,159.62,153.43,166.32,608.54,671.27,540.54,1007.58,786.34,1247.4,8300.08,7134.64,9563.41,5.4,90.0,7.6,78.6,6.5,91.7,41.27,26.11,58.14,26.13,15.13,62.0,55.0,72.0,26.26,56.27,45.0,80.0
,,,,,,,,,,,,,,,,,,,,,,,,,,,,,,,,,,,,,,,,,,,,,,,,,,,,,
,,,,,,,,,,,,,,,,,,,,,,,,,,,,,,,,,,,,,,,,,,,,,,,,,,,,,
,,,,,,,,,,,,,,,,,,,,,,,,,,,,,,,,,,,,,,,,,,,,,,,,,,,,,
620.0,733.0,493.0,1628.0,1467.0,1808.0,4212.0,3912.0,4548.0,7106.0,6601.0,7671.0,5168.0,4450.0,5973.0,82.5,85.7,79.8,129.0,98.0,164.0,775.0,685.0,877.0,258.0,244.0,274.0,1008.0,1076.0,932.0,284.0,147.0,438.0,4341.0,4010.0,4712.0,28.2,100.0,21.8,94.1,26.9,81.0,38.0,25.0,52.0,26.0,13.0,58.0,47.0,68.0,9.0,68.0,28.0,87.0
741.0,555.0,932.0,1992.0,1462.0,2536.0,2043.0,1513.0,2588.0,10064.0,7716.0,12474.0,17880.0,13717.0,22153.0,88.1,85.3,90.0,817.0,1009.0,621.0,1201.0,958.0,1449.0,358.0,252.0,466.0,1047.0,1059.0,1035.0,1711.0,1664.0,1760.0,10319.0,8825.0,11853.0,4.5,66.7,35.8,100.0,17.9,100.0,,,,,,,,,,,,
189.0,251.0,121.0,1945.0,1949.0,1941.0,1858.0,1671.0,2062.0,5618.0,5347.0,5914.0,6533.0,5430.0,7734.0,94.7,97.4,92.5,1423.0,1309.0,1547.0,2439.0,1810.0,3124.0,218.0,139.0,303.0,552.0,557.0,546.0,769.0,501.0,1062.0,7114.0,6071.0,8250.0,5.9,100.0,18.8,93.3,20.8,90.5,44.0,46.0,41.0,32.0,12.0,51.0,53.0,49.0,26.0,62.0,31.0,72.0
501.08,578.03,419.23,4780.61,4177.61,5422.02,4225.35,3652.13,4835.1,10102.93,8906.99,11375.07,9737.27,7330.53,12297.37,82.06,86.02,79.55,934.45,867.05,1006.15,690.68,551.76,838.46,176.06,131.37,223.59,1273.02,1339.99,1201.79,2315.82,1261.17,3437.67,9710.18,7304.26,12269.42,13.29,63.16,30.07,95.35,18.88,88.89,55.03,70.67,37.97,51.23,3.8,73.0,91.0,52.0,34.64,75.42,51.0,95.0
617.0,616.0,617.0,4625.0,4271.0,4978.0,16957.0,15280.0,18634.0,22220.0,20211.0,24229.0,9513.0,10084.0,8943.0,75.9,73.8,78.3,705.0,1101.0,308.0,1035.0,925.0,1145.0,198.0,220.0,176.0,529.0,528.0,529.0,815.0,661.0,969.0,7708.0,7706.0,7709.0,7.2,100.0,39.8,100.0,24.1,80.0,,,,,,,,,,,,
1115.0,1348.0,866.0,7555.0,6958.0,8194.0,2816.0,3398.0,2193.0,11625.0,11812.0,11425.0,26735.0,26699.0,26774.0,94.2,94.7,93.5,4210.0,5178.0,3174.0,9311.0,8738.0,9925.0,56.0,108.0,0.0,390.0,647.0,115.0,2286.0,1672.0,2943.0,25091.0,25189.0,24986.0,8.3,100.0,12.5,83.3,20.8,60.0,,,,,,,,,,,,
526.8,466.26,590.35,2950.06,2879.87,3023.76,10760.69,10024.68,11533.48,14448.27,13535.38,15406.77,6497.16,6184.86,6825.05,94.2,93.8,94.5,519.77,521.12,518.36,1264.31,1124.52,1411.09,112.38,109.71,115.19,758.59,877.67,633.55,1116.81,836.53,1411.09,6476.08,6157.43,6810.66,6.7,100.0,2.1,100.0,2.1,75.0,46.51,44.33,48.91,41.34,5.17,47.0,44.0,49.0,32.5,60.53,32.0,61.0
,,,,,,,,,,,,,,,,,,,,,,,,,,,,,,,,,,,,,,,,,,,,,,,,,,,,,
1975.0,2119.0,1815.0,2414.0,2925.0,1848.0,4718.0,4597.0,4851.0,9248.0,9791.0,8647.0,10125.0,9970.0,10297.0,99.2,99.1,99.4,1003.0,1284.0,693.0,1630.0,1910.0,1320.0,188.0,239.0,132.0,846.0,896.0,792.0,972.0,567.0,1419.0,10251.0,9940.0,10594.0,2.9,100.0,19.7,92.6,26.3,88.9,,,,,,,,,,,,
247.46,235.29,260.95,2955.73,3006.54,2899.39,2708.28,2535.95,2899.39,6145.17,6013.07,6291.68,3931.81,3712.42,4175.12,95.1,98.6,91.7,151.22,156.86,144.97,453.67,418.3,492.9,96.23,104.58,86.98,123.73,130.72,115.98,288.7,156.86,434.91,3258.18,3424.84,3073.35,9.8,100.0,11.8,100.0,13.7,100.0,80.34,81.76,78.65,58.12,22.22,109.0,97.0,122.0,55.98,104.7,84.0,135.0
592.0,596.0,588.0,3655.0,3614.0,3700.0,4440.0,4128.0,4786.0,10504.0,10009.0,11052.0,11061.0,9591.0,12691.0,88.8,89.1,88.5,1098.0,1400.0,763.0,1221.0,1107.0,1347.0,308.0,328.0,286.0,923.0,891.0,958.0,1811.0,1251.0,2431.0,9755.0,8928.0,10672.0,10.0,87.5,30.4,99.0,31.9,95.5,41.0,40.0,43.0,26.0,16.0,51.0,49.0,54.0,38.0,45.0,48.0,55.0
534.88,552.25,515.71,947.18,870.86,1031.41,3019.84,2931.18,3117.67,4513.04,4354.29,4688.23,6139.96,5671.2,6657.29,90.4,92.5,88.4,1437.49,1784.2,1054.85,2150.66,1741.72,2601.97,33.43,42.48,23.44,390.02,446.05,328.18,813.46,552.25,1101.73,6663.7,6393.37,6962.03,31.0,97.5,14.7,84.2,8.5,81.8,64.05,90.53,37.34,51.65,12.4,73.0,93.0,54.0,35.73,92.37,50.0,97.0
80.0,60.0,103.0,80.0,121.0,34.0,4118.0,3987.0,4267.0,4552.0,4500.0,4611.0,6032.0,5406.0,6745.0,89.3,92.2,86.7,997.0,1148.0,826.0,1914.0,1631.0,2237.0,113.0,60.0,172.0,370.0,302.0,447.0,322.0,272.0,379.0,5710.0,5104.0,6401.0,17.4,90.0,10.4,100.0,20.9,91.7,37.0,31.0,42.0,21.0,16.0,52.0,39.0,65.0,25.0,48.0,29.0,74.0
403.28,412.73,392.8,1267.15,1194.19,1348.08,2267.64,2136.98,2412.61,4224.56,4005.78,4467.27,8210.02,7024.78,9524.92,96.5,96.3,96.6,1207.65,1284.28,1122.63,2159.66,1707.49,2661.31,239.11,203.22,278.91,520.08,492.34,550.86,1781.72,1169.05,2461.42,7912.51,6777.57,9171.63,18.9,95.8,19.6,99.6,19.6,97.8,31.61,31.68,31.52,19.38,12.22,38.0,40.0,36.0,26.69,36.52,33.0,44.0
1385.87,1554.14,1204.06,3681.71,3658.09,3707.22,883.3,843.05,926.81,6038.45,6121.25,5948.99,20361.7,17660.0,23281.05,100.0,100.0,100.0,2067.39,2250.57,1869.46,2832.67,2624.44,3057.67,137.06,139.29,134.66,251.28,234.59,269.33,1652.39,1092.3,2257.6,16980.77,14954.92,19169.84,7.71,90.32,16.42,98.48,18.91,96.05,60.81,68.21,95.74,43.22,17.58,71.0,75.0,67.0,46.79,74.82,58.0,85.0
160.18,129.78,194.33,2135.77,1932.23,2364.37,3913.04,3749.1,4097.17,6247.14,5839.94,6704.45,5964.91,5205.48,6817.81,80.9,80.9,81.0,694.13,821.92,550.61,1762.01,1427.54,2137.65,68.65,115.36,16.19,259.34,302.81,210.53,373.76,245.13,518.22,5125.86,4643.11,5668.02,16.4,71.9,13.8,100.0,11.8,95.7,44.83,40.34,50.13,31.03,13.79,56.0,50.0,63.0,33.97,55.69,41.0,71.0
514.06,457.93,576.92,4445.12,4493.42,4391.03,665.26,572.41,769.23,5896.58,5838.58,5961.54,18324.77,17057.81,19743.59,99.75,99.66,99.84,1889.93,2117.92,1634.62,1814.33,1345.16,2339.74,362.87,429.31,288.46,272.15,257.58,288.46,1300.27,1030.34,1602.56,14529.79,13795.08,15352.56,10.19,100.0,25.93,100.0,30.56,100.0,75.76,90.43,75.68,54.55,21.21,80.0,98.0,56.0,42.34,109.17,51.0,109.0
271.0,287.0,255.0,479.0,522.0,432.0,2521.0,2395.0,2657.0,5025.0,4585.0,5501.0,5520.0,4841.0,6254.0,95.8,94.5,96.8,1845.0,1791.0,1904.0,2786.0,2047.0,3586.0,186.0,205.0,166.0,479.0,491.0,465.0,622.0,317.0,952.0,8631.0,7502.0,9852.0,13.8,89.6,8.6,100.0,19.6,92.6,35.0,24.0,45.0,15.0,20.0,54.0,47.0,61.0,22.0,47.0,41.0,67.0
798.0,529.0,1086.0,7292.0,6735.0,7889.0,4780.0,4156.0,5448.0,17929.0,15784.0,20224.0,12762.0,10295.0,15402.0,76.2,75.4,76.9,701.0,860.0,531.0,1418.0,1091.0,1769.0,376.0,397.0,354.0,1088.0,949.0,1238.0,2615.0,2314.0,2936.0,10016.0,8708.0,11415.0,2.8,50.0,36.1,100.0,27.8,95.0,52.0,49.0,56.0,29.0,23.0,62.0,57.0,68.0,24.0,79.0,38.0,86.0
1138.0,1039.0,1249.0,2068.0,1429.0,2792.0,2689.0,2273.0,3159.0,5895.0,4740.0,7201.0,6343.0,5909.0,6833.0,86.4,84.6,88.2,620.0,844.0,367.0,931.0,844.0,1029.0,69.0,65.0,73.0,448.0,325.0,588.0,172.0,130.0,220.0,5584.0,5130.0,6098.0,9.5,100.0,26.2,100.0,26.2,100.0,75.0,48.0,105.0,38.0,38.0,96.0,64.0,130.0,52.0,98.0,50.0,141.0
187.76,174.43,202.44,977.81,902.39,1060.91,4592.78,4160.76,5068.81,6311.88,5744.59,6936.93,11866.62,11468.24,12305.56,96.31,96.94,95.67,4156.3,5128.26,3085.36,3740.55,3172.31,4366.66,114.61,123.26,105.07,1320.41,1218.69,1432.49,751.04,441.89,1091.66,12618.87,12270.62,13002.59,10.49,89.29,36.05,92.99,32.87,93.73,60.0,58.0,61.0,35.0,25.0,78.0,72.0,85.0,50.0,69.0,70.0,86.0
195.73,130.0,261.95,16.31,0.0,32.74,2365.03,2177.45,2554.03,2952.21,2567.44,3339.88,9949.44,9424.76,10478.06,80.0,80.34,79.69,1451.64,1852.45,1047.81,2104.06,1852.45,2357.56,146.79,259.99,32.74,260.97,324.99,196.46,913.39,617.48,1211.53,9150.22,8839.78,9463.0,13.08,71.43,16.82,88.89,16.82,88.89,35.0,20.0,51.0,23.0,15.0,50.0,34.0,66.0,21.0,49.0,28.0,71.0
95.0,45.0,150.0,2744.0,2834.0,2645.0,1183.0,810.0,1597.0,4140.0,3869.0,4441.0,12373.0,10931.0,13972.0,79.0,81.9,76.4,1609.0,1889.0,1297.0,1561.0,1844.0,1248.0,237.0,360.0,100.0,355.0,135.0,599.0,2106.0,1439.0,2844.0,9392.0,8682.0,10180.0,9.2,100.0,24.6,92.3,21.5,85.7,,,,,,,,,,,,
,,,,,,,,,,,,,,,,,,,,,,,,,,,,,,,,,,,,,,,,,,59.0,24.0,93.0,35.0,24.0,59.0,24.0,93.0,36.0,82.0,9.0,109.0
400.24,437.28,360.25,848.27,632.91,1080.75,2485.07,2520.14,2447.2,4008.36,3855.01,4173.91,4916.37,4556.96,5304.35,92.1,91.9,92.3,489.84,540.85,434.78,1415.77,1116.23,1739.13,59.74,57.54,62.11,394.27,333.72,459.63,388.29,322.21,459.63,4868.58,4510.93,5254.66,5.1,100.0,5.6,100.0,23.5,97.8,51.35,38.53,64.64,33.61,17.74,58.0,47.0,70.0,36.42,66.29,44.0,73.0
1189.3,964.39,1447.42,654.11,408.01,936.57,3409.32,3115.73,3746.28,5312.19,4562.31,6172.84,7274.53,6342.73,8343.98,100.0,100.0,100.0,396.43,408.01,383.14,713.58,519.29,936.57,198.22,222.55,170.29,455.9,556.38,340.57,416.25,333.83,510.86,5034.69,4673.59,5449.13,5.95,100.0,8.33,100.0,2.38,100.0,32.79,24.1,32.37,29.51,3.28,39.0,37.0,43.0,17.73,47.84,18.0,61.0
146.06,46.23,257.07,559.88,554.79,565.55,1777.02,1664.36,1902.31,4527.75,3929.73,5192.8,12828.63,9754.97,16246.79,84.63,85.31,84.18,973.71,1017.11,925.45,1071.08,785.95,1388.17,316.46,277.39,359.9,1095.42,1063.34,1131.11,3651.41,1479.43,6066.84,12000.97,9338.88,14961.44,6.06,100.0,4.55,100.0,15.15,100.0,44.78,47.62,41.67,24.88,19.9,60.0,62.0,58.0,33.57,55.98,27.0,93.0
78.96,76.98,81.04,1421.24,1385.68,1458.67,2230.56,2078.52,2390.6,3947.89,3695.15,4213.94,3770.23,2617.4,4983.79,93.7,100.0,90.2,256.61,230.95,283.63,473.75,384.91,567.26,256.61,307.93,202.59,296.09,307.93,283.63,829.06,500.38,1175.04,3414.92,2848.34,4011.35,5.9,100.0,10.6,100.0,5.9,100.0,,,,,,,,,,,,
230.0,203.0,261.0,2184.0,2114.0,2265.0,2982.0,2791.0,3201.0,5802.0,5481.0,6170.0,6536.0,5810.0,7368.0,96.9,96.6,97.1,1281.0,1367.0,1183.0,1484.0,1209.0,1800.0,199.0,190.0,211.0,734.0,734.0,733.0,527.0,196.0,907.0,6228.0,5507.0,7056.0,16.2,87.8,32.9,97.6,29.4,96.0,40.0,34.0,46.0,31.0,8.0,53.0,39.0,68.0,30.0,49.0,43.0,63.0
511.27,418.14,612.64,251.45,192.99,315.07,3553.77,2862.66,4305.97,10770.26,9054.36,12637.84,7794.82,6867.16,8804.48,97.63,98.59,96.82,2690.47,3425.54,1890.43,1860.7,1640.4,2100.47,75.43,80.41,70.02,410.69,289.48,542.62,1206.94,771.95,1680.38,9026.9,8684.46,9399.61,8.89,100.0,18.89,91.18,25.0,97.78,38.0,55.0,18.0,31.0,7.0,44.0,58.0,28.0,23.0,52.0,28.0,60.0
369.32,322.78,416.16,1487.4,1260.84,1715.39,1310.33,1270.93,1349.98,3303.65,2975.59,3633.78,14089.85,11851.93,16341.86,97.09,97.45,96.83,2473.95,2642.73,2304.1,2782.56,2148.48,3420.63,192.25,191.65,192.85,460.39,474.08,446.61,900.54,413.56,1390.58,12091.47,10338.91,13855.05,7.86,86.36,18.21,98.04,18.57,90.38,27.19,26.77,27.66,21.15,6.04,33.0,30.0,36.0,14.88,39.5,22.0,44.0
,,,,,,,,,,,,,,,,,,,,,,,,,,,,,,,,,,,,,,,,,,,,,,,,,,,,,
,,,,,,,,,,,,,,,,,,,,,,,,,,,,,,,,,,,,,,,,,,,,,,,,,,,,,
512.46,516.83,507.57,10448.31,10085.21,10854.29,2333.73,2276.85,2397.31,13718.48,13242.07,14251.13,10120.19,8234.39,12228.64,94.97,96.27,94.0,822.15,726.36,929.25,862.7,614.61,1140.09,435.04,446.99,421.68,1058.1,1271.13,819.93,2720.84,1585.42,3990.32,9740.45,8038.83,11642.98,13.89,77.65,38.4,95.32,24.51,93.33,44.07,46.3,36.89,29.94,14.12,49.0,50.0,48.0,32.3,55.84,39.0,59.0
285.55,251.49,322.31,2390.47,2059.1,2748.09,1313.54,1147.44,1492.79,4919.64,4369.7,5513.15,16439.59,14822.38,18184.9,94.74,95.76,93.84,2969.73,3693.81,2188.3,2961.57,2420.62,3545.38,138.7,125.75,152.67,1745.94,1854.76,1628.5,1444.07,848.79,2086.51,15158.68,13957.87,16454.62,13.82,80.95,40.13,98.36,34.87,86.79,48.0,32.0,66.0,29.0,18.0,78.0,66.0,91.0,24.0,71.0,57.0,98.0
7413.0,8755.0,6006.0,670.0,611.0,732.0,1280.0,1338.0,1220.0,11313.0,12304.0,10274.0,5463.0,5061.0,5884.0,77.4,79.3,75.6,1087.0,1076.0,1098.0,1980.0,1629.0,2348.0,104.0,116.0,91.0,506.0,524.0,488.0,551.0,349.0,762.0,5567.0,5032.0,6128.0,25.3,84.2,16.9,91.7,30.1,95.8,37.0,34.0,40.0,28.0,9.0,42.0,43.0,40.0,15.0,59.0,21.0,63.0
334.25,406.5,256.49,29922.98,27936.64,32060.95,2572.3,2396.97,2761.01,33243.71,31090.55,35561.26,10943.18,9083.26,12945.08,83.86,87.19,81.35,821.1,756.94,890.16,1010.03,616.76,1433.31,385.12,420.52,347.01,1475.08,1892.35,1025.95,2637.7,1513.88,3847.31,10637.99,8760.86,12658.42,6.07,93.33,46.96,100.0,43.72,95.33,35.45,33.1,69.15,26.89,8.56,44.0,42.0,46.0,23.36,47.55,30.0,58.0
424.08,430.4,417.12,1910.71,1812.44,2019.0,4045.82,3770.58,4349.14,6866.5,6457.65,7317.09,7152.34,6271.99,8122.54,91.3,92.1,90.5,878.92,954.76,795.34,1590.71,1204.86,2015.94,174.08,178.93,168.73,543.06,551.7,533.53,1106.71,794.03,1451.31,6632.49,5879.64,7462.17,15.3,95.7,18.7,96.9,19.7,95.6,46.59,45.37,47.98,30.38,16.21,57.0,55.0,59.0,43.75,49.43,55.0,59.0
92.0,143.0,44.0,253.0,334.0,178.0,5206.0,5160.0,5249.0,6151.0,6402.0,5916.0,6704.0,6259.0,7117.0,96.9,98.5,95.6,1543.0,2054.0,1068.0,2949.0,2054.0,3781.0,230.0,287.0,178.0,184.0,143.0,222.0,415.0,382.0,445.0,6519.0,6068.0,6940.0,19.7,77.7,27.9,92.9,13.1,87.5,,,,,,,,,,,,
1290.62,1207.61,1380.75,922.83,989.21,850.77,5824.53,5190.13,6513.25,10752.98,9840.7,11743.38,10264.81,8620.25,12050.21,84.1,84.4,83.9,976.33,1091.98,850.77,2507.69,1503.08,3598.33,254.11,282.63,223.15,421.29,372.56,474.2,1170.26,796.51,1576.01,8626.45,7309.87,10055.79,10.1,95.8,5.5,100.0,10.1,79.2,52.85,48.17,58.06,47.76,5.08,63.0,56.0,72.0,30.24,75.45,48.0,79.0
207.0,166.0,253.0,1398.0,1093.0,1737.0,2512.0,2211.0,2847.0,4556.0,3862.0,5327.0,5476.0,4625.0,6424.0,81.7,78.7,84.1,905.0,1037.0,758.0,722.0,610.0,846.0,336.0,359.0,311.0,732.0,735.0,729.0,737.0,394.0,1118.0,6317.0,5546.0,7174.0,4.6,85.7,18.2,98.2,21.5,90.9,33.0,32.0,34.0,23.0,10.0,40.0,36.0,43.0,20.0,46.0,28.0,51.0
709.69,802.36,607.19,1951.65,1900.34,2008.41,2483.92,2364.86,2615.6,6209.8,6207.77,6212.05,7629.19,6841.22,8500.7,98.26,98.77,97.8,1419.38,1562.5,1261.09,1552.45,1309.12,1821.58,266.13,337.84,186.83,288.31,337.84,233.54,754.05,295.61,1261.09,6409.4,5532.09,7379.73,7.27,100.0,30.91,100.0,18.18,100.0,51.89,60.87,35.43,37.74,14.15,55.0,67.0,41.0,26.4,77.38,24.0,86.0
89.0,84.0,95.0,712.0,882.0,520.0,1090.0,1050.0,1136.0,2181.0,2269.0,2082.0,6053.0,5945.0,6175.0,88.6,89.4,87.7,1491.0,2059.0,852.0,968.0,1029.0,899.0,178.0,210.0,142.0,456.0,399.0,520.0,779.0,441.0,1159.0,6665.0,6891.0,6411.0,3.9,75.0,12.7,92.3,4.9,100.0,31.0,30.0,32.0,12.0,19.0,35.0,33.0,37.0,16.0,45.0,19.0,51.0
180.0,206.0,149.0,981.0,951.0,1015.0,1547.0,1208.0,1941.0,3038.0,2646.0,3494.0,2955.0,2646.0,3314.0,90.7,92.2,89.2,552.0,591.0,508.0,1547.0,1362.0,1762.0,97.0,77.0,119.0,262.0,257.0,269.0,83.0,51.0,119.0,3674.0,3289.0,4121.0,5.5,87.5,15.9,91.3,16.6,95.8,38.0,34.0,41.0,18.0,20.0,62.0,50.0,75.0,19.0,56.0,38.0,86.0
,,,,,,,,,,,,,,,,,,,,,,,,,,,,,,,,,,,,,,,,,,,,,,,,,,,,,
506.0,480.0,535.0,7246.0,6767.0,7753.0,3246.0,3093.0,3409.0,11492.0,10845.0,12178.0,11784.0,10668.0,12966.0,88.4,88.5,88.2,1915.0,2348.0,1457.0,2915.0,2613.0,3235.0,169.0,189.0,147.0,506.0,404.0,615.0,2584.0,1666.0,3556.0,10895.0,9771.0,12084.0,6.0,85.7,18.4,95.1,15.4,97.2,28.0,31.0,25.0,21.0,8.0,38.0,40.0,37.0,16.0,40.0,26.0,51.0
161.92,184.48,136.82,1282.38,1303.65,1258.72,3659.33,3197.64,4172.94,5382.12,4919.44,5896.84,7946.89,6936.42,9071.01,99.4,99.5,99.4,926.17,897.8,957.72,1547.93,1057.68,2093.31,181.35,159.88,205.23,1010.36,1094.58,916.68,1392.49,1094.58,1723.9,7519.43,6567.46,8578.46,11.6,97.2,16.4,100.0,15.4,97.9,41.43,38.88,44.19,19.04,22.4,51.0,49.0,54.0,25.45,57.42,37.0,66.0
654.31,619.9,690.73,3766.46,3491.03,4058.02,2273.3,2251.22,2296.67,6903.78,6557.91,7269.9,13463.64,11305.06,15748.58,96.39,95.38,97.15,1535.11,1696.57,1364.19,1728.04,1647.63,1813.16,327.15,342.58,310.83,369.1,326.26,414.44,780.14,375.2,1208.77,10577.97,9086.46,12156.8,6.13,100.0,15.34,100.0,23.31,100.0,54.77,55.94,110.34,42.4,12.37,62.0,65.0,58.0,30.78,78.76,42.0,82.0
632.72,411.64,865.0,632.72,558.66,710.53,4579.69,4204.65,4973.74,8300.69,7262.57,9391.41,11705.33,10114.67,13376.58,95.11,95.06,95.15,1883.1,2264.04,1482.85,2289.85,1793.59,2811.24,241.04,264.63,216.25,647.79,646.87,648.75,2335.04,1793.59,2903.92,11178.07,9703.03,12727.83,12.22,100.0,32.22,93.1,37.78,85.29,37.0,43.0,32.0,26.0,11.0,53.0,49.0,57.0,18.0,56.0,29.0,76.0
1416.77,1593.25,1237.51,94.45,93.72,95.19,7438.02,5904.4,8995.72,10909.09,9465.79,12375.06,13506.49,12464.85,14564.49,94.58,95.86,93.46,1676.51,2108.72,1237.51,2762.69,2296.16,3236.55,212.51,281.16,142.79,613.93,562.32,666.35,1275.09,656.04,1903.86,13364.82,12371.13,14374.11,17.91,100.0,1.49,100.0,34.33,91.3,,,,,,,,,0.0,32.0,3.0,45.0
395.08,341.66,454.98,4391.01,4185.35,4621.65,4300.71,3907.75,4741.38,9837.45,9054.03,10716.0,6580.88,5850.95,7399.43,89.02,79.93,97.09,570.04,533.85,610.63,547.47,427.08,682.47,434.59,459.11,407.09,891.75,1057.01,706.42,998.98,651.29,1388.89,6592.17,5861.63,7411.4,12.89,80.43,31.93,98.25,29.13,98.08,65.2,61.3,42.35,51.1,14.1,78.0,76.0,79.0,46.74,83.66,62.0,93.0
,,,,,,,,,,,,,,,,,,,,,,,,,,,,,,,,,,,,,,,,,,,,,,,,,,,,,
333.0,364.0,301.0,4051.0,1127.0,7081.0,4569.0,3962.0,5198.0,9064.0,5562.0,12693.0,7973.0,7852.0,8098.0,93.7,93.1,94.4,832.0,945.0,716.0,647.0,727.0,565.0,314.0,400.0,226.0,703.0,763.0,640.0,1406.0,1018.0,1808.0,7714.0,7924.0,7495.0,1.0,100.0,38.5,100.0,57.3,94.5,,,,,,,,,,,,
51.78,54.85,48.51,6495.65,5750.59,7286.31,4829.37,4397.51,5287.67,11583.9,10349.24,12894.15,9282.18,8539.04,10070.83,95.1,93.9,96.2,941.4,1051.38,824.68,2711.23,2185.04,3269.62,287.13,274.27,300.77,644.86,603.4,688.85,423.63,319.99,533.62,9310.43,8667.03,9993.21,22.7,97.8,26.9,100.0,25.4,86.5,44.52,53.94,34.68,29.68,14.84,49.0,59.0,38.0,34.84,54.2,38.0,60.0
577.56,612.87,536.35,1650.17,1123.6,2264.6,4317.93,3626.15,5125.15,7260.73,5924.41,8820.02,6683.17,6537.28,6853.4,97.94,100.0,95.65,687.57,868.23,476.76,770.08,612.87,953.52,220.02,204.29,238.38,412.54,408.58,417.16,440.04,357.51,536.35,4537.95,4290.09,4827.18,22.22,100.0,8.64,100.0,12.35,100.0,,,,,,,,,,,,
292.59,297.69,287.09,14393.69,13474.34,15384.62,3242.85,2937.72,3571.73,18091.68,16889.93,19386.98,11106.14,9283.2,13071.01,92.94,93.67,92.38,1036.25,932.24,1148.36,1312.58,1143.75,1494.55,345.42,336.86,354.64,1324.77,1464.94,1173.69,1979.03,1167.25,2854.01,10886.7,9204.86,12699.48,4.44,70.0,46.67,100.0,39.33,98.31,57.31,62.74,84.29,39.92,17.39,74.0,75.0,75.0,35.96,78.65,61.0,88.0
978.0,968.0,989.0,11232.0,11141.0,11326.0,3147.0,2934.0,3368.0,15494.0,15162.0,15837.0,21235.0,19660.0,22868.0,99.2,99.2,99.3,1122.0,1489.0,742.0,5931.0,6330.0,5516.0,167.0,268.0,62.0,303.0,357.0,247.0,4687.0,3902.0,5501.0,21060.0,19526.0,22651.0,3.7,100.0,21.9,65.9,13.7,86.7,45.0,41.0,49.0,34.0,11.0,52.0,46.0,58.0,31.0,60.0,36.0,68.0
200.0,204.0,196.0,2165.0,2028.0,2310.0,2409.0,2140.0,2693.0,5859.0,5430.0,6312.0,9937.0,9018.0,10908.0,95.5,95.8,95.1,2482.0,2725.0,2227.0,2263.0,2084.0,2452.0,126.0,149.0,103.0,348.0,288.0,412.0,1369.0,859.0,1908.0,9374.0,8587.0,10206.0,6.5,78.8,13.6,94.6,18.1,91.5,21.0,23.0,18.0,13.0,8.0,32.0,36.0,28.0,14.0,28.0,25.0,39.0
108.68,174.37,33.33,388.14,552.17,200.0,1350.72,1162.45,1566.67,2002.79,2034.29,1966.67,7281.48,7120.02,7466.67,96.59,95.1,98.21,326.04,464.98,166.67,496.82,464.98,533.33,481.29,610.29,333.33,279.46,290.61,266.67,683.12,523.1,866.67,6582.83,5841.33,7433.33,7.45,100.0,24.47,100.0,10.64,100.0,68.32,54.22,99.24,43.48,24.84,81.0,62.0,101.0,38.19,98.45,51.0,111.0
1429.0,1375.0,1489.0,6077.0,5866.0,6314.0,2712.0,2062.0,3439.0,10339.0,9395.0,11396.0,6925.0,6095.0,7854.0,92.3,97.0,88.2,1525.0,1650.0,1386.0,1985.0,2062.0,1899.0,291.0,367.0,205.0,654.0,458.0,873.0,847.0,504.0,1232.0,8765.0,7974.0,9651.0,6.5,100.0,19.4,100.0,24.2,100.0,,,,,,,,,,,,
218.0,263.0,170.0,1440.0,1434.0,1447.0,1420.0,1316.0,1533.0,3147.0,3105.0,3193.0,3468.0,2802.0,4186.0,96.1,95.3,96.6,1085.0,1079.0,1093.0,1823.0,1158.0,2540.0,130.0,171.0,85.0,328.0,276.0,383.0,205.0,118.0,298.0,4847.0,3947.0,5818.0,12.0,96.4,12.0,100.0,13.2,100.0,33.0,29.0,36.0,20.0,13.0,47.0,41.0,54.0,21.0,44.0,34.0,61.0
379.36,369.66,389.93,2106.85,1941.46,2287.17,2348.26,2136.8,2578.81,5613.56,5175.21,6091.49,9863.46,8553.48,11291.7,96.8,97.1,96.5,1244.67,1262.25,1225.51,2729.18,2157.84,3352.12,239.84,219.39,262.14,990.72,946.69,1038.73,1435.92,979.74,1933.29,9700.28,8414.98,11101.64,16.1,97.5,20.0,99.5,20.3,98.0,44.25,49.73,38.41,25.33,18.92,54.0,61.0,47.0,35.21,53.29,47.0,62.0
105.0,120.0,90.0,5560.0,5088.0,6028.0,1664.0,1716.0,1611.0,9075.0,8401.0,9743.0,5567.0,4787.0,6341.0,87.2,92.1,83.5,525.0,632.0,418.0,1034.0,1024.0,1044.0,390.0,331.0,448.0,869.0,798.0,940.0,4616.0,3794.0,5431.0,10536.0,9756.0,11310.0,3.6,66.7,32.1,96.3,7.1,100.0,36.0,35.0,36.0,22.0,13.0,44.0,43.0,44.0,18.0,54.0,25.0,63.0
383.25,545.85,192.31,6692.22,6659.39,6730.77,1945.75,1965.07,1923.08,9463.44,9497.82,9423.08,15595.52,14847.16,16474.36,96.41,98.16,94.55,1267.69,1582.97,897.44,1208.73,1255.46,1153.85,294.81,272.93,320.51,560.14,655.02,448.72,1297.17,927.95,1730.77,15418.63,14737.99,16217.95,20.9,100.0,22.39,100.0,32.84,100.0,,,,,,,,,,,,
2560.0,2752.0,2358.0,3785.0,3826.0,3743.0,3822.0,3630.0,4023.0,10424.0,10451.0,10396.0,15194.0,15790.0,14567.0,87.9,88.4,87.3,735.0,1011.0,445.0,3046.0,3371.0,2704.0,84.0,94.0,74.0,165.0,180.0,148.0,1684.0,1686.0,1682.0,13679.0,14332.0,12993.0,10.8,94.1,13.0,97.7,18.3,91.7,46.0,44.0,48.0,30.0,16.0,50.0,50.0,50.0,35.0,57.0,38.0,62.0
333.26,495.61,164.2,11192.83,10633.03,11775.74,1804.18,1351.66,2275.39,13675.02,12840.73,14543.75,9147.32,7772.02,10579.4,94.35,94.49,94.24,643.53,675.83,609.9,448.17,360.44,539.53,287.29,247.8,328.41,1229.6,1599.46,844.48,2321.31,1644.51,3026.04,8997.93,7749.49,10297.91,13.64,86.67,52.27,88.7,20.45,93.33,60.76,69.69,42.17,45.14,15.63,75.0,78.0,73.0,27.59,93.93,54.0,97.0
1261.43,1383.65,1138.52,6149.48,6100.63,6198.61,4068.12,4276.73,3858.32,11573.64,11823.9,11321.95,17344.69,15408.81,19291.59,99.45,99.59,99.34,1513.72,1698.11,1328.27,1734.47,1320.75,2150.54,409.97,440.25,379.51,315.36,377.36,253.0,1986.75,1194.97,2783.05,13465.78,13207.55,13725.49,16.0,100.0,52.0,100.0,28.0,100.0,,,,,,,,,,,,
762.94,746.73,779.51,8439.52,7794.03,9099.59,5749.57,5553.83,5949.73,15014.94,14141.26,15908.37,7078.81,6767.27,7397.39,95.33,94.71,95.91,1187.67,1462.35,906.78,1470.82,1275.67,1670.38,574.17,746.73,397.71,235.96,388.92,79.54,542.71,435.59,652.24,5725.97,5880.52,5567.93,6.1,100.0,20.66,100.0,7.04,80.0,58.67,53.44,64.43,46.67,12.0,60.0,56.0,64.0,28.69,88.64,43.0,77.0
28.0,36.0,19.0,3600.0,3166.0,4067.0,634.0,612.0,659.0,4430.0,3904.0,4997.0,3861.0,3166.0,4610.0,97.1,98.3,96.2,494.0,540.0,445.0,1427.0,1187.0,1685.0,84.0,54.0,116.0,420.0,378.0,465.0,588.0,216.0,988.0,4057.0,3310.0,4862.0,21.2,96.7,19.6,88.9,14.5,88.5,26.0,34.0,16.0,19.0,7.0,30.0,37.0,22.0,16.0,36.0,17.0,43.0
278.37,313.09,240.3,3160.31,3036.94,3295.57,966.1,1095.8,823.89,4650.4,4665.0,4634.4,12837.73,11521.6,14280.81,98.34,98.37,98.32,687.74,594.87,789.56,1015.23,845.34,1201.51,491.24,438.32,549.26,491.24,626.17,343.29,1293.6,1001.88,1613.46,11904.37,10926.74,12976.31,21.15,81.82,43.27,100.0,41.35,100.0,93.17,102.7,81.86,46.58,46.58,109.0,110.0,106.0,50.36,135.98,75.0,143.0
,,,,,,,,,,,,,,,,,,,,,,,,,,,,,,,,,,,,,,,,,,,,,,,,,,0.0,49.0,0.0,54.0
65.7,67.22,63.96,250.85,246.47,255.85,1367.74,1165.14,1599.08,1761.93,1523.64,2034.03,5148.42,4537.31,5846.23,94.43,92.1,96.5,352.39,392.11,307.02,459.89,403.32,524.5,328.5,392.11,255.85,477.81,526.55,422.16,489.76,380.91,614.05,4634.77,4010.76,5347.32,12.81,86.96,8.91,100.0,13.09,95.74,38.67,40.12,59.83,29.2,9.47,62.0,60.0,65.0,31.16,46.19,49.0,76.0
246.0,220.0,273.0,502.0,519.0,483.0,1290.0,1038.0,1556.0,2212.0,1876.0,2565.0,8621.0,8962.0,8262.0,98.5,98.9,98.0,1341.0,1577.0,1093.0,4433.0,4192.0,4688.0,143.0,200.0,84.0,450.0,459.0,441.0,573.0,419.0,736.0,12122.0,11856.0,12403.0,1.8,50.0,2.7,100.0,10.8,100.0,,,,,,,,,,,,
105.0,121.0,87.0,3751.0,4047.0,3433.0,1425.0,1862.0,956.0,5658.0,6394.0,4867.0,4107.0,4006.0,4216.0,95.4,93.9,96.9,671.0,769.0,565.0,1299.0,1255.0,1347.0,105.0,202.0,0.0,398.0,486.0,304.0,754.0,445.0,1086.0,4044.0,3885.0,4216.0,22.5,77.0,20.0,100.0,12.5,80.0,70.0,79.0,58.0,48.0,22.0,75.0,83.0,63.0,31.0,109.0,43.0,106.0
402.8,398.96,407.0,2181.28,1945.38,2439.36,4759.18,4706.58,4816.73,7659.51,7340.8,8008.19,10998.77,9216.12,12949.03,96.74,97.51,96.15,1808.22,1864.55,1746.59,2381.37,1999.13,2799.56,219.15,269.32,164.26,602.43,656.19,543.62,1415.69,736.5,2158.74,9908.12,8477.28,11473.5,9.47,86.26,12.81,97.95,13.8,94.77,31.31,30.84,31.85,23.08,8.22,37.0,38.0,37.0,26.85,35.76,34.0,40.0
470.0,438.0,504.0,493.0,394.0,596.0,1881.0,1971.0,1787.0,3763.0,3898.0,3621.0,13326.0,13141.0,13520.0,97.5,98.7,96.3,1725.0,2497.0,917.0,2912.0,2891.0,2933.0,426.0,569.0,275.0,717.0,1139.0,275.0,1926.0,1358.0,2521.0,13236.0,13097.0,13382.0,8.5,100.0,12.2,100.0,20.7,94.1,,,,,,,,,,,,
206.49,244.69,166.14,3236.52,3189.72,3285.95,2046.95,1765.27,2344.47,5754.81,5391.94,6138.08,6688.51,6134.75,7273.4,90.9,93.2,89.0,1167.12,1232.19,1098.39,2199.58,1983.75,2427.54,264.85,314.6,212.29,695.78,760.29,627.65,1696.82,1214.72,2206.02,6697.49,6187.19,7236.48,10.6,100.0,17.5,100.0,16.0,100.0,44.12,46.48,41.54,26.47,17.65,53.0,52.0,55.0,32.5,55.73,41.0,65.0
602.45,539.31,676.72,17315.54,16095.4,18750.88,1723.13,1498.08,1987.88,20217.66,18600.19,22120.4,10254.58,9767.5,10827.58,97.28,96.93,97.66,952.26,1090.6,789.51,1554.71,1150.53,2030.17,220.25,275.65,155.08,1561.18,1737.78,1353.45,4476.26,599.23,9037.08,15391.59,10019.18,21711.55,21.43,94.05,40.05,98.09,28.57,93.75,33.3,33.46,59.7,19.33,13.96,41.0,37.0,46.0,18.58,48.01,28.0,54.0
639.15,722.21,554.76,2796.27,2730.32,2863.28,31726.59,30579.53,32891.91,35454.95,34190.59,36739.44,7279.18,6728.91,7838.22,96.22,95.03,97.26,1233.91,1550.11,912.67,2308.03,1884.8,2738.01,88.77,123.3,53.69,150.91,176.15,125.27,630.27,422.76,841.09,5681.31,5443.02,5923.41,8.23,100.0,10.13,81.25,6.96,72.73,34.13,29.7,38.87,29.01,5.12,39.0,36.0,42.0,20.22,48.04,23.0,54.0
169.4,158.68,181.68,1776.39,1741.09,1816.81,1385.82,1335.57,1443.35,3602.18,3517.43,3699.22,5757.78,5743.88,5773.7,92.0,91.9,92.2,729.38,797.81,651.02,545.86,449.6,656.07,162.35,189.54,131.21,691.73,652.36,736.82,1454.05,1181.29,1766.34,5049.17,4425.44,5763.31,20.0,97.9,21.1,100.0,19.7,97.8,43.33,48.09,37.59,29.7,13.63,57.0,62.0,50.0,30.41,56.25,47.0,67.0
390.8,419.43,361.5,703.44,684.33,723.0,3852.17,3730.68,3976.5,5817.33,5629.14,6009.94,4108.98,3730.68,4496.16,85.6,85.8,85.43,569.45,684.33,451.88,636.44,618.1,655.22,223.31,154.53,293.72,368.47,375.28,361.5,535.95,485.65,587.44,3115.23,3002.21,3230.91,22.69,100.0,8.8,100.0,21.3,95.65,20.97,20.17,21.98,17.74,3.23,26.0,27.0,25.0,8.51,33.42,14.0,39.0
163.0,187.0,135.0,1254.0,1205.0,1309.0,1976.0,1914.0,2046.0,3931.0,3896.0,3971.0,8294.0,7055.0,9687.0,99.4,99.8,99.1,1643.0,1660.0,1625.0,1757.0,1499.0,2046.0,99.0,94.0,105.0,1431.0,1218.0,1670.0,1863.0,1138.0,2677.0,8656.0,7363.0,10108.0,14.6,90.3,12.2,96.2,16.4,100.0,32.0,27.0,36.0,24.0,8.0,54.0,45.0,63.0,21.0,42.0,39.0,69.0
372.14,371.61,372.71,367.49,425.99,305.81,4321.53,4178.37,4472.48,5763.59,5565.12,5972.86,11248.08,10840.21,11678.13,95.41,95.4,95.42,3628.41,4586.24,2618.5,3605.15,3036.35,4204.89,88.38,90.64,86.01,1460.67,1450.19,1471.71,874.54,534.76,1232.8,13467.0,12888.61,14076.83,14.29,91.11,43.49,99.27,37.78,95.8,29.0,30.0,27.0,13.0,15.0,41.0,47.0,35.0,19.0,38.0,30.0,52.0
419.33,300.43,545.21,1213.86,643.78,1817.36,4789.23,4077.25,5542.94,7592.14,6266.09,8995.91,11917.9,11072.96,12812.36,93.33,95.35,91.49,1589.05,2060.09,1090.41,3487.09,2961.37,4043.62,220.7,257.51,181.74,838.67,987.12,681.51,617.97,429.18,817.81,9512.25,9227.47,9813.72,27.69,72.22,40.0,80.77,43.08,82.14,,,,,,,,,16.0,66.0,23.0,82.0
468.0,412.0,526.0,9584.0,9240.0,9936.0,3338.0,3298.0,3378.0,16508.0,15779.0,17251.0,12752.0,9789.0,15774.0,80.0,82.9,78.2,625.0,824.0,421.0,2017.0,1314.0,2734.0,312.0,361.0,263.0,755.0,618.0,894.0,1741.0,1206.0,2287.0,8860.0,6998.0,10759.0,10.0,63.6,55.5,100.0,39.1,100.0,44.0,46.0,42.0,29.0,15.0,63.0,64.0,61.0,23.0,65.0,42.0,84.0
268.0,273.0,263.0,2539.0,2668.0,2391.0,1535.0,1553.0,1515.0,4459.0,4636.0,4257.0,3671.0,3236.0,4169.0,97.1,98.0,96.4,2294.0,2493.0,2066.0,2142.0,1728.0,2617.0,163.0,142.0,188.0,519.0,558.0,476.0,712.0,448.0,1014.0,7868.0,7358.0,8451.0,17.7,91.5,25.3,100.0,24.9,93.9,36.0,31.0,42.0,18.0,17.0,65.0,53.0,78.0,26.0,46.0,50.0,80.0
485.97,311.04,663.72,3589.9,3359.25,3824.27,73538.17,72814.93,74273.07,77661.08,76547.43,78792.67,6693.84,6065.32,7332.49,83.61,85.13,82.33,721.12,746.5,695.32,1160.06,1119.75,1201.01,203.79,186.63,221.24,109.74,124.42,94.82,736.79,497.67,979.77,4608.87,4354.59,4867.26,8.7,100.0,18.48,100.0,66.3,100.0,43.59,46.88,40.4,30.77,12.82,49.0,47.0,51.0,25.78,61.4,28.0,70.0
,,,,,,,,,,,,,,,,,,,,,,,,,,,,,,,,,,,,,,,,,,,,,,,,,,,,,
95.0,113.0,73.0,1050.0,993.0,1112.0,1199.0,1192.0,1207.0,5795.0,5855.0,5729.0,7282.0,6640.0,7995.0,82.0,78.8,85.0,1278.0,1390.0,1154.0,2502.0,2015.0,3043.0,134.0,132.0,136.0,413.0,520.0,294.0,890.0,624.0,1186.0,6999.0,6375.0,7691.0,14.9,76.3,14.5,95.0,27.1,95.1,26.0,27.0,26.0,19.0,8.0,31.0,30.0,31.0,13.0,39.0,21.0,40.0
170.71,228.51,103.58,1242.92,1187.16,1307.7,1844.92,1549.44,2188.13,3432.27,3149.04,3761.25,5034.59,4804.37,5302.0,97.2,97.1,97.31,661.89,758.0,550.27,1165.05,1031.1,1320.64,152.74,161.63,142.42,302.49,328.84,271.9,485.19,289.82,712.11,4432.6,4336.19,4544.57,6.48,100.0,7.81,100.0,11.43,100.0,28.48,31.21,47.3,21.52,6.96,43.0,43.0,43.0,22.24,34.72,33.0,53.0
,,,,,,,,,,,,,,,,,,,,,,,,,,,,,,,,,,,,,,,,,,,,,,,,,,,,,
84.23,93.25,74.6,950.55,1025.76,870.32,1516.06,1270.54,1777.94,3068.22,2785.87,3369.39,4776.8,4592.61,4973.27,92.4,92.4,92.5,739.98,780.98,696.26,896.4,629.44,1181.15,150.4,139.88,161.63,758.03,839.26,671.39,830.23,792.63,870.32,4686.56,4522.67,4861.37,25.6,100.0,24.0,100.0,23.0,100.0,47.09,49.83,43.91,24.93,22.16,58.0,64.0,52.0,28.03,66.15,44.0,72.0
676.42,654.62,700.73,1435.67,1413.98,1459.85,1118.17,968.84,1284.67,3423.52,3168.37,3708.03,6791.83,6677.14,6919.71,96.95,100.0,93.67,579.79,680.81,467.15,441.74,392.77,496.35,317.5,340.4,291.97,524.57,654.62,379.56,621.2,445.14,817.52,4969.63,4922.75,5021.9,9.23,91.67,14.62,100.0,7.69,100.0,61.32,54.05,43.17,42.45,18.87,70.0,66.0,74.0,38.22,84.42,46.0,94.0
,,,,,,,,,,,,,,,,,,,,,,,,,,,,,,,,,,,,,,,,,,,,,,,,,,,,,
1147.3,1046.58,1248.88,347.89,324.29,371.69,6846.78,5763.56,7939.34,9696.52,8549.53,10853.4,4500.37,4569.58,4430.57,94.08,94.52,93.62,1036.27,1562.5,505.5,1221.32,1164.5,1278.62,51.81,88.44,14.87,170.24,206.37,133.81,229.46,162.15,297.35,4322.72,4392.69,4252.16,16.52,78.95,24.78,85.96,30.43,92.86,48.0,40.0,56.0,37.0,11.0,65.0,52.0,77.0,31.0,64.0,47.0,82.0
1205.0,1314.0,1077.0,13076.0,12549.0,13692.0,6201.0,5979.0,6462.0,26825.0,26347.0,27385.0,11871.0,10775.0,13154.0,72.8,75.6,70.2,709.0,1051.0,308.0,1559.0,1314.0,1846.0,354.0,394.0,308.0,815.0,854.0,769.0,850.0,460.0,1308.0,17222.0,14126.0,20846.0,6.0,100.0,37.3,100.0,44.6,100.0,63.0,45.0,81.0,29.0,34.0,76.0,61.0,90.0,28.0,98.0,36.0,115.0
177.42,207.17,143.16,1885.12,1843.8,1932.71,1064.54,1118.71,1002.15,3237.97,3293.97,3173.47,4901.31,5199.92,4557.38,93.4,90.0,97.9,332.67,497.2,143.16,199.6,165.73,238.61,255.05,227.88,286.33,210.69,248.6,167.02,177.42,165.73,190.89,4357.95,4806.3,3841.57,14.1,90.9,23.7,100.0,14.1,100.0,50.11,55.56,44.44,26.14,23.97,59.0,67.0,51.0,41.03,59.19,37.0,81.0
665.72,569.53,762.27,23.78,47.46,0.0,3376.13,3369.72,3382.56,8250.12,7214.05,9290.14,11126.96,10536.31,11719.87,94.87,95.95,93.9,2662.86,3274.8,2048.59,1830.72,1471.29,2191.52,118.88,189.84,47.64,309.08,189.84,428.78,1307.66,1091.6,1524.54,10461.25,10014.24,10909.96,6.25,100.0,20.31,84.62,20.31,92.31,,,,,,,,,6.0,38.0,3.0,49.0
312.0,290.0,337.0,4179.0,4103.0,4263.0,2901.0,2732.0,3086.0,7657.0,7348.0,7996.0,16207.0,13663.0,19002.0,87.0,87.6,86.5,1932.0,2174.0,1667.0,1907.0,1877.0,1940.0,265.0,244.0,287.0,782.0,687.0,885.0,3324.0,2181.0,4581.0,13619.0,11699.0,15728.0,13.5,80.7,32.0,93.4,26.0,93.7,19.0,16.0,21.0,14.0,5.0,25.0,21.0,30.0,14.0,23.0,20.0,31.0
,,,,,,,,,,,,,,,,,,,,,,,,,,,,,,,,,,,,,,,,,,,,,,,,,,,,,
280.37,227.1,332.35,9738.32,8705.53,10745.94,6504.67,5563.97,7422.45,17177.57,15102.2,19202.36,18299.07,19757.76,16875.92,79.26,80.65,77.68,878.5,1286.9,480.06,2037.38,2043.91,2031.02,280.37,454.2,110.78,205.61,264.95,147.71,2149.53,1476.15,2806.5,15738.32,17486.75,14032.5,10.0,100.0,17.5,100.0,18.75,86.67,,,,,,,,,14.0,66.0,31.0,83.0
174.28,98.02,253.04,3012.57,2989.46,3036.44,970.99,808.63,1138.66,4518.86,4288.16,4757.09,15822.23,14163.2,17535.43,95.52,95.67,95.38,3348.69,3945.11,2732.79,3958.67,3185.49,4757.09,261.42,294.05,227.73,933.65,955.65,910.93,2614.22,1151.68,4124.49,17116.89,15192.35,19104.25,13.01,75.0,32.52,90.0,22.76,92.86,20.0,24.0,15.0,13.0,7.0,30.0,38.0,20.0,9.0,30.0,14.0,45.0
181.83,199.42,163.32,2443.4,1794.76,3126.4,7193.82,7334.13,7046.08,9955.43,9461.25,10475.79,5752.47,5498.71,6019.5,95.1,95.2,95.0,738.7,841.98,629.95,977.36,819.83,1143.24,238.66,265.89,209.98,920.54,819.83,1026.58,454.59,376.68,536.62,5943.71,5317.8,6602.78,19.5,100.0,26.5,100.0,20.6,100.0,70.46,73.98,67.15,34.61,35.85,105.0,105.0,105.0,50.22,90.69,84.0,126.0
971.23,1107.14,828.0,1264.43,1428.57,1091.46,2455.56,2178.57,2747.46,4947.77,5000.0,4892.74,11783.03,10285.71,13360.93,72.9,71.2,74.4,604.73,857.14,338.73,952.9,714.29,1204.37,146.6,214.29,75.27,128.28,178.57,75.27,1392.71,1107.14,1693.64,7696.54,7000.0,8430.56,1.0,100.0,43.0,97.7,34.0,97.1,69.71,83.33,56.99,53.62,16.09,94.0,92.0,97.0,46.85,92.56,64.0,123.0
622.0,534.0,718.0,8845.0,8595.0,9117.0,1209.0,1153.0,1270.0,10932.0,10545.0,11352.0,24370.0,22777.0,26099.0,95.1,95.7,94.4,3278.0,3916.0,2585.0,7098.0,6442.0,7810.0,278.0,280.0,276.0,512.0,466.0,561.0,3265.0,2467.0,4131.0,19169.0,18089.0,20340.0,8.8,86.3,32.1,95.3,25.2,82.6,42.0,37.0,47.0,35.0,6.0,50.0,46.0,55.0,31.0,52.0,37.0,63.0
1170.03,1254.36,1072.67,3696.79,3507.55,3915.26,7356.24,7317.07,7401.45,12247.95,12078.98,12443.01,5476.72,4506.39,6596.94,90.9,91.2,90.7,547.67,511.03,589.97,1132.69,627.18,1716.28,74.68,23.23,134.08,186.71,185.83,187.72,224.05,162.6,294.99,4891.71,4227.64,5658.35,11.2,100.0,6.0,100.0,50.0,100.0,50.81,45.28,57.27,34.55,16.26,61.0,58.0,64.0,24.49,77.14,40.0,82.0
604.4,592.54,617.52,4102.56,3834.09,4399.85,512.82,522.83,501.74,5439.56,5123.74,5789.27,15769.23,14708.96,16943.27,95.59,95.5,95.67,1483.52,1533.64,1428.02,1959.71,1603.35,2354.3,219.78,139.42,308.76,1428.57,941.09,1968.35,567.77,453.12,694.71,12637.36,12094.81,13238.13,9.76,87.5,9.76,100.0,14.63,100.0,53.97,45.45,67.31,31.75,22.22,72.0,55.0,89.0,27.25,80.69,43.0,100.0
29.0,28.0,30.0,810.0,804.0,817.0,1215.0,1220.0,1210.0,6467.0,6240.0,6715.0,7465.0,6545.0,8469.0,94.0,94.5,93.6,1389.0,1525.0,1240.0,3197.0,2440.0,4023.0,116.0,139.0,91.0,347.0,305.0,393.0,420.0,250.0,605.0,7219.0,6351.0,8167.0,5.0,100.0,21.8,100.0,30.7,90.3,39.0,36.0,42.0,31.0,7.0,41.0,40.0,42.0,16.0,61.0,22.0,60.0
1881.0,1966.0,1790.0,6906.0,6456.0,7388.0,2911.0,2949.0,2870.0,11891.0,11583.0,12219.0,25196.0,24628.0,25803.0,98.1,97.8,98.5,2389.0,3294.0,1421.0,7469.0,6934.0,8042.0,151.0,239.0,57.0,632.0,770.0,483.0,4916.0,4357.0,5513.0,20431.0,20430.0,20432.0,7.3,75.0,21.1,81.0,24.8,81.5,,,,,,,,,,,,
,,,,,,,,,,,,,,,,,,,,,,,,,,,,,,,,,,,,,,,,,,,,,,,,,,,,,
747.43,728.35,768.72,1235.34,1259.84,1207.99,12208.03,11574.8,12914.56,14388.04,13700.79,15154.84,7412.02,5925.2,9070.94,76.2,80.4,73.1,633.24,807.09,439.27,892.76,551.18,1273.89,10.38,0.0,21.96,145.33,177.17,109.82,539.81,354.33,746.76,5159.35,4586.61,5798.37,2.8,100.0,17.2,100.0,7.6,90.9,43.25,50.96,34.09,19.03,24.22,51.0,58.0,42.0,20.65,65.85,33.0,69.0
1357.37,1368.65,1345.9,222.52,220.75,224.32,9768.58,8741.72,10812.02,14864.26,12273.73,17496.64,14708.5,12847.68,16599.37,91.98,93.47,90.81,3360.04,4282.56,2422.61,2981.75,2295.81,3678.78,155.76,88.3,224.32,200.27,44.15,358.91,2091.68,1280.35,2916.11,12238.54,10375.28,14131.9,32.35,81.82,38.24,92.31,51.47,85.71,,,,,,,,,18.0,96.0,33.0,97.0
,,,,,,,,,,,,,,,,,,,,,,,,,,,,,,,,,,,,,,,,,,,,,,,,,,,,,
154.02,156.35,151.52,2310.31,1891.81,2760.94,3291.18,3736.71,2811.45,6031.13,6050.66,6010.1,10424.77,8677.3,12306.4,94.2,95.5,93.2,851.17,906.82,791.25,2553.5,1469.67,3720.54,275.62,281.43,269.36,632.3,687.93,572.39,518.81,422.14,622.9,8876.46,7332.71,10538.72,30.1,96.4,29.3,98.8,27.2,96.0,53.76,58.46,48.78,40.86,12.9,73.0,72.0,74.0,35.64,71.89,56.0,89.0
713.36,857.84,550.96,4409.86,3839.87,5050.51,1448.34,1062.09,1882.46,7522.7,6903.59,8218.55,13402.51,13031.05,13820.02,97.9,100.0,95.68,670.13,694.44,642.79,713.36,735.29,688.71,475.57,490.2,459.14,886.29,1102.94,642.79,886.29,571.9,1239.67,12429.74,12091.5,12809.92,16.26,95.0,45.53,100.0,25.2,100.0,74.19,64.52,41.24,58.06,16.13,90.0,75.0,106.0,51.77,96.62,58.0,122.0
227.12,285.34,165.29,13787.58,12658.88,14986.23,921.84,622.57,1239.67,15163.66,13800.26,16611.57,17755.51,15719.84,19917.36,98.65,99.01,98.34,1269.21,1712.06,798.9,2030.73,1530.48,2561.98,293.92,311.28,275.48,561.12,596.63,523.42,2244.49,1867.7,2644.63,14468.94,13307.39,15702.48,6.11,100.0,25.19,96.97,17.56,100.0,93.36,123.46,70.71,72.61,20.75,103.0,136.0,70.0,38.58,148.14,76.0,131.0
460.39,525.2,391.63,6014.32,5124.2,6958.88,5027.77,4655.78,5422.5,11977.49,10915.54,13104.38,4428.53,4428.67,4428.38,95.5,96.8,94.2,562.7,581.97,542.25,584.62,482.61,692.88,306.93,440.03,165.69,511.55,553.58,466.94,460.39,496.81,421.75,4296.99,4499.65,4081.94,7.7,94.4,9.8,100.0,6.8,100.0,73.17,63.98,82.91,54.88,18.29,80.0,70.0,92.0,44.56,101.78,62.0,99.0
,,,,,,,,,,,,,,,,,,,,,,,,,,,,,,,,,,,,,,,,,,,,,,,,,,,,,
196.0,158.0,237.0,600.0,583.0,619.0,1384.0,1106.0,1686.0,2465.0,2199.0,2753.0,5347.0,4228.0,6560.0,95.4,96.3,94.8,518.0,437.0,606.0,645.0,425.0,883.0,164.0,85.0,250.0,398.0,365.0,435.0,455.0,194.0,738.0,3609.0,2661.0,4637.0,11.3,93.5,6.9,100.0,14.2,94.9,39.0,35.0,42.0,28.0,10.0,57.0,62.0,53.0,24.0,53.0,43.0,72.0
937.42,902.95,973.97,5885.39,5417.68,6381.19,1961.8,1652.76,2289.39,9955.71,9129.79,10831.23,5896.26,5264.55,6565.91,97.05,94.28,99.4,2132.98,2381.46,1869.58,1806.92,1536.59,2093.48,225.53,285.14,162.33,1412.93,1578.84,1237.06,836.89,533.32,1158.69,8607.99,8216.28,9023.23,5.27,100.0,17.64,100.0,21.64,95.8,41.84,41.3,42.44,29.71,12.13,47.0,47.0,46.0,33.23,50.46,38.0,55.0
,,,,,,,,,,,,,,,,,,,,,,,,,,,,,,,,,,,,,,,,,,,,,,,,,,,,,
723.04,714.66,732.49,6032.23,5769.23,6328.74,2003.86,1858.11,2168.18,9034.57,8601.87,9522.41,8242.67,6678.79,10005.86,97.41,98.44,96.63,778.13,714.66,849.69,778.13,571.73,1010.84,144.61,168.92,117.2,1184.41,1429.31,908.29,2589.18,1494.28,3823.62,8208.24,6587.84,10035.16,3.51,100.0,21.75,93.55,14.04,100.0,59.67,68.46,88.24,48.35,11.32,70.0,76.0,65.0,39.89,79.45,54.0,86.0
232.0,71.0,406.0,2670.0,2680.0,2659.0,6015.0,5917.0,6121.0,18059.0,17415.0,18752.0,22126.0,18664.0,25855.0,96.2,96.7,95.8,1113.0,1367.0,838.0,1695.0,1454.0,1956.0,452.0,424.0,483.0,1842.0,1910.0,1770.0,2360.0,1815.0,2946.0,17631.0,15811.0,19590.0,7.9,25.0,19.8,100.0,55.4,92.9,,,,,,,,,,,,
368.66,404.69,327.05,17370.25,16120.33,18813.27,1546.91,1389.45,1728.7,20001.45,18561.99,21663.29,9606.77,6785.38,12864.04,97.59,99.2,96.61,1019.23,1106.16,918.86,1742.08,1227.57,2336.08,404.8,418.18,389.35,1467.4,1632.27,1277.06,1221.63,809.39,1697.55,9498.34,6798.87,12614.86,13.2,75.76,50.8,100.0,28.0,97.14,35.88,29.35,40.11,21.99,13.89,43.0,35.0,52.0,17.61,54.15,29.0,56.0
286.25,308.28,261.92,373.37,450.56,288.11,2514.0,2489.92,2540.6,3758.56,3770.45,3745.42,3634.1,3343.61,3954.95,92.8,93.6,92.1,522.71,474.27,576.22,1319.23,1233.1,1414.35,136.9,142.28,130.96,161.79,189.71,130.96,311.14,284.56,340.49,4194.15,3912.73,4504.98,5.3,100.0,4.4,100.0,3.9,100.0,53.45,38.92,73.17,36.21,17.24,63.0,53.0,79.0,35.21,71.69,43.0,83.0
164.0,162.0,165.0,1075.0,1041.0,1113.0,1533.0,1333.0,1755.0,4079.0,3784.0,4407.0,10497.0,9825.0,11245.0,93.3,92.4,94.2,2463.0,2852.0,2030.0,2197.0,2086.0,2321.0,131.0,158.0,100.0,472.0,500.0,441.0,1784.0,1185.0,2451.0,9923.0,9370.0,10538.0,6.5,92.9,9.8,95.3,16.1,95.3,19.0,16.0,22.0,12.0,7.0,24.0,22.0,28.0,13.0,25.0,18.0,31.0
407.0,452.0,358.0,8698.0,9189.0,8179.0,3325.0,2799.0,3881.0,14186.0,14391.0,13970.0,18397.0,15324.0,21642.0,89.0,89.9,88.4,1234.0,1498.0,955.0,2076.0,1555.0,2627.0,523.0,594.0,448.0,1350.0,1555.0,1134.0,2396.0,1527.0,3313.0,17352.0,15098.0,19731.0,2.2,100.0,46.1,97.6,39.3,94.3,47.0,40.0,55.0,30.0,17.0,49.0,44.0,55.0,26.0,67.0,29.0,68.0
315.0,306.0,325.0,1529.0,1485.0,1577.0,3846.0,3886.0,3803.0,9266.0,9039.0,9508.0,17252.0,14585.0,20084.0,86.8,87.4,86.4,855.0,1135.0,557.0,1304.0,1223.0,1391.0,405.0,480.0,325.0,585.0,699.0,464.0,1754.0,1572.0,1948.0,9841.0,9629.0,10066.0,7.0,80.0,53.5,97.4,42.3,96.7,,,,,,,,,,,,
363.58,333.92,394.74,2948.72,2707.92,3201.75,1668.18,1549.62,1792.76,5098.11,4732.34,5482.46,5197.03,4977.56,5427.63,94.96,97.38,92.63,1828.58,2274.86,1359.65,1307.28,1215.69,1403.51,200.5,198.27,202.85,633.59,673.07,592.11,465.17,302.62,635.96,5651.5,5833.25,5460.53,9.21,85.71,16.05,95.08,16.84,93.75,41.37,38.3,44.52,31.66,9.71,48.0,47.0,49.0,31.92,50.82,39.0,56.0
,,,,,,,,,,,,,,,,,,,,,,,,,,,,,,,,,,,,,,,,,,,,,,,,,,,,,
1653.0,1766.0,1538.0,3813.0,3533.0,4097.0,9738.0,8432.0,11061.0,16198.0,14794.0,17620.0,26436.0,24096.0,28807.0,94.1,94.4,93.9,2917.0,3243.0,2587.0,7349.0,6307.0,8404.0,215.0,331.0,98.0,403.0,400.0,406.0,2632.0,1753.0,3524.0,25728.0,23503.0,27982.0,19.2,70.0,11.6,91.7,34.8,93.6,37.0,39.0,35.0,21.0,16.0,44.0,44.0,43.0,25.0,49.0,31.0,57.0
256.0,243.0,271.0,2437.0,2585.0,2266.0,2455.0,2195.0,2755.0,7141.0,6758.0,7584.0,7906.0,6805.0,9177.0,96.2,96.8,95.7,1646.0,2152.0,1062.0,921.0,863.0,988.0,354.0,353.0,356.0,938.0,882.0,1004.0,2496.0,1463.0,3689.0,9270.0,8582.0,10064.0,5.2,66.7,16.1,97.6,17.9,97.8,25.0,23.0,27.0,14.0,11.0,29.0,27.0,32.0,18.0,32.0,23.0,36.0
510.76,462.34,562.88,3165.2,3027.44,3313.46,1358.31,1333.1,1385.44,5121.61,4890.28,5370.59,12924.21,11334.72,14634.92,98.75,98.98,98.55,2670.5,2737.64,2598.25,4244.02,3797.11,4725.01,241.76,288.46,191.5,686.84,749.45,619.46,1224.16,614.65,1880.14,11960.68,10637.84,13384.4,9.45,79.79,16.23,96.59,17.59,92.0,28.39,27.1,29.9,20.3,8.09,33.0,31.0,35.0,24.13,32.65,29.0,37.0
161.0,180.0,140.0,1454.0,1396.0,1519.0,2238.0,2139.0,2350.0,5748.0,5571.0,5950.0,9442.0,8429.0,10592.0,90.7,89.6,91.8,814.0,1081.0,511.0,933.0,946.0,920.0,287.0,338.0,230.0,777.0,663.0,906.0,1830.0,1689.0,1991.0,9246.0,8981.0,9547.0,12.3,55.6,26.0,89.5,42.5,100.0,43.0,43.0,42.0,24.0,18.0,46.0,43.0,49.0,19.0,66.0,27.0,64.0
291.64,440.75,133.53,1244.33,1082.99,1415.41,5288.4,4734.92,5875.28,7206.74,6598.67,7851.52,9507.45,8815.01,10241.69,98.3,98.1,98.4,609.2,705.2,507.41,1490.6,1020.02,1989.58,181.46,201.49,160.24,758.26,843.72,667.65,2663.64,2405.24,2937.64,9125.08,8437.22,9854.45,11.3,100.0,21.8,100.0,16.9,100.0,44.17,33.94,56.3,24.54,19.63,54.0,47.0,63.0,30.09,58.26,39.0,70.0
283.45,306.2,258.61,2297.74,2258.94,2340.1,10765.01,10029.46,11568.06,13506.02,12744.81,14337.08,6112.23,4956.96,7373.53,84.5,86.8,82.7,937.79,1016.81,851.52,1224.26,814.61,1671.5,75.39,75.11,75.69,401.05,433.3,365.84,446.28,288.87,618.14,5861.95,5245.83,6534.63,12.9,100.0,10.3,100.0,56.9,98.5,34.54,37.57,31.01,23.82,10.72,38.0,40.0,34.0,23.89,45.2,28.0,47.0
294.48,321.13,264.55,17827.61,17876.26,17772.97,2525.77,2997.22,1996.15,20829.09,21387.28,20202.02,11711.41,9676.73,13997.11,92.65,92.48,92.78,928.76,1006.21,841.75,1438.44,899.17,2044.25,305.81,256.9,360.75,1336.5,1327.34,1346.8,2367.2,1477.2,3367.0,11598.14,9655.32,13780.66,10.92,92.0,46.72,94.39,31.0,97.18,44.64,52.29,38.89,32.14,12.5,55.0,60.0,48.0,22.74,66.55,36.0,74.0
1108.08,1332.95,860.69,303.58,318.75,286.9,941.11,840.34,1051.96,2443.84,2521.01,2358.94,5494.84,4926.11,6120.5,97.51,97.06,97.92,273.22,202.84,350.65,425.02,376.7,478.16,197.33,144.89,255.02,576.81,579.54,573.8,850.03,811.36,892.57,4462.66,4027.82,4941.03,16.31,100.0,10.64,100.0,13.48,100.0,38.55,42.92,22.99,14.46,24.1,53.0,53.0,52.0,17.34,59.76,32.0,75.0
401.2,478.93,315.79,11033.1,10600.26,11508.77,5015.05,4821.2,5228.07,16616.52,16060.03,17228.07,13156.14,11877.39,14561.4,93.9,95.16,92.77,869.27,1021.71,701.75,1170.18,798.21,1578.95,417.92,447.0,385.96,1905.72,2458.49,1298.25,2741.56,1851.85,3719.3,13289.87,12068.97,14631.58,10.14,86.67,39.86,96.61,31.76,95.74,44.85,50.25,51.81,31.66,13.19,61.0,72.0,49.0,23.15,66.56,37.0,85.0
490.95,471.43,513.68,17387.75,16450.59,18479.32,1086.22,1075.92,1098.22,19316.76,18332.51,20463.2,12222.56,9652.89,15215.66,95.33,95.86,94.94,740.51,805.99,664.25,1172.14,939.06,1443.63,208.65,209.1,208.13,1018.72,1140.55,876.8,5322.7,3410.26,7550.26,12081.42,9576.85,14998.67,19.39,62.38,49.45,97.02,27.11,92.86,47.68,43.85,33.1,31.47,16.21,59.0,50.0,69.0,36.75,58.61,51.0,67.0
652.0,516.0,797.0,217.0,282.0,149.0,2634.0,2864.0,2390.0,3746.0,3756.0,3735.0,13291.0,12676.0,13944.0,99.8,100.0,99.6,1619.0,2160.0,1046.0,4398.0,3474.0,5378.0,217.0,235.0,199.0,918.0,1033.0,797.0,1039.0,892.0,1195.0,13388.0,12582.0,14243.0,11.3,85.7,22.6,85.7,21.0,92.3,,,,,,,,,,,,
636.0,652.0,620.0,269.0,191.0,352.0,1371.0,1097.0,1659.0,2537.0,2273.0,2815.0,11486.0,11145.0,11847.0,98.9,98.9,98.9,2170.0,2576.0,1743.0,4022.0,3847.0,4206.0,147.0,175.0,117.0,432.0,525.0,335.0,644.0,445.0,855.0,11454.0,11129.0,11796.0,9.2,95.0,8.7,78.9,18.3,75.0,35.0,35.0,35.0,21.0,14.0,39.0,37.0,40.0,24.0,46.0,24.0,54.0
1012.0,1063.0,957.0,8415.0,7608.0,9277.0,2446.0,2520.0,2367.0,12396.0,11535.0,13317.0,28149.0,26289.0,30136.0,85.4,85.5,85.4,3142.0,3593.0,2661.0,8202.0,7608.0,8836.0,168.0,177.0,158.0,814.0,846.0,778.0,4230.0,3258.0,5270.0,24066.0,22667.0,25560.0,10.6,93.3,31.0,92.0,20.1,91.2,44.0,38.0,52.0,22.0,23.0,51.0,39.0,62.0,28.0,61.0,37.0,64.0
132.33,134.53,129.93,1299.91,1375.19,1218.13,2576.48,2391.63,2777.33,4506.89,4454.41,4563.91,2701.02,2585.95,2826.05,92.2,91.9,92.5,467.04,612.86,308.59,747.26,792.23,698.39,70.06,59.79,81.21,132.33,104.63,162.42,358.06,269.06,454.77,3206.97,3168.91,3248.34,12.1,79.2,17.2,97.1,16.7,93.9,52.69,47.62,58.11,42.15,10.54,74.0,68.0,80.0,27.69,77.7,56.0,91.0
133.0,149.0,117.0,1397.0,0.0,2863.0,2672.0,2080.0,3292.0,4487.0,2415.0,6662.0,5552.0,5348.0,5767.0,89.7,89.6,89.9,818.0,1003.0,623.0,837.0,854.0,818.0,171.0,186.0,156.0,742.0,632.0,857.0,380.0,409.0,351.0,6038.0,6222.0,5845.0,3.3,100.0,52.5,90.6,34.4,90.5,,,,,,,,,,,,
844.66,889.5,792.71,2937.94,2429.01,3527.55,3250.09,3079.03,3448.28,7620.27,6979.13,8363.06,10705.1,9237.09,12405.87,91.77,90.0,93.29,532.5,581.59,475.62,899.74,684.23,1149.43,367.24,547.38,158.54,385.6,513.17,237.81,440.69,273.69,634.17,7253.03,6329.11,8323.42,16.67,100.0,18.12,100.0,5.8,100.0,72.94,49.77,83.87,42.35,30.59,97.0,64.0,134.0,45.36,100.52,69.0,126.0
262.47,294.53,223.21,10328.86,9719.5,11074.86,3682.26,3169.71,4309.75,14389.38,13295.93,15728.02,12166.13,9831.7,15024.04,90.1,90.01,90.17,625.29,743.34,480.77,1049.87,645.16,1545.33,308.78,308.56,309.07,1605.68,1823.28,1339.29,3751.74,2426.37,5374.31,11262.93,9032.26,13993.82,9.75,85.19,35.02,100.0,30.32,96.43,45.29,59.63,41.35,34.27,11.02,52.0,70.0,31.0,29.94,60.63,37.0,67.0
470.02,631.2,303.24,4321.91,4688.91,3942.15,13344.03,12781.79,13925.82,18250.6,18214.61,18287.85,5926.86,5162.31,6717.98,98.84,98.69,98.96,389.77,450.86,326.57,653.44,608.66,699.79,126.1,135.26,116.63,229.28,135.26,326.57,894.19,608.66,1189.64,4906.57,4057.71,5784.93,1.03,100.0,7.22,100.0,3.09,100.0,,,,,,,,,,,,
,,,,,,,,,,,,,,,,,,,,,,,,,,,,,,,,,,,,,,,,,,,,,,,,,,,,,
260.46,237.81,287.87,211.62,267.54,143.94,4037.12,3626.63,4534.01,5062.67,4637.34,5577.55,11427.64,11355.53,11514.93,91.03,91.1,90.94,3288.3,3686.09,2806.77,2213.9,2259.22,2159.05,97.67,118.91,71.97,1579.03,1367.42,1835.19,732.54,326.99,1223.46,12160.18,11890.61,12486.51,13.58,81.82,50.62,100.0,35.8,93.1,,,,,,,,,2.0,36.0,11.0,49.0
,,,,,,,,,,,,,,,,,,,,,,,,,,,,,,,,,,,,,,,,,,,,,,,,,,,,,
480.02,436.56,528.94,1595.37,1559.64,1635.59,2825.43,2436.1,3263.68,5186.71,4688.91,5747.08,8419.81,7354.95,9618.49,98.74,98.87,98.63,1097.7,1256.37,919.08,1695.96,1482.99,1935.7,202.95,206.62,198.82,499.44,496.55,502.68,580.62,359.92,829.05,7765.07,6785.08,8868.21,9.69,97.4,14.21,100.0,19.12,98.68,33.55,34.59,32.61,19.17,14.38,40.0,41.0,38.0,26.11,40.98,32.0,47.0
,,,,,,,,,,,,,,,,,,,,,,,,,,,,,,,,,,,,,,,,,,,,,,,,,,,,,
,,,,,,,,,,,,,,,,,,,,,,,,,,,,,,,,,,,,,,,,,,,,,,,,,,,,,
533.08,426.31,646.41,1567.89,1400.73,1745.31,1693.32,1522.53,1874.6,4296.02,3775.88,4848.09,9783.63,7551.77,12152.55,94.87,95.16,94.68,627.16,791.72,452.49,815.3,791.72,840.34,156.79,182.7,129.28,1254.31,913.52,1616.03,2728.13,1157.13,4395.6,9501.41,7369.06,11764.71,13.33,75.0,26.67,100.0,23.33,100.0,,,,,,,,,,,,
662.58,728.86,594.94,11852.76,11127.31,12592.96,1276.07,1166.18,1388.2,14331.29,13605.44,15071.89,15533.74,13556.85,17550.82,97.79,96.06,99.15,1153.37,1311.95,991.57,1766.87,1263.36,2280.61,245.4,291.55,198.31,490.8,291.55,694.1,1496.93,1117.59,1883.99,14552.15,12050.53,17104.61,15.94,100.0,42.03,100.0,40.58,100.0,,,,,,,,,,,,
,,,,,,,,,,,,,,,,,,,,,,,,,,,,,,,,,,,,,,,,,,,,,,,,,,,,,
382.04,364.19,401.74,1034.7,940.82,1138.27,8277.62,8012.14,8570.47,9758.04,9377.85,10177.44,11381.73,10288.32,12587.88,86.7,85.8,87.5,1050.62,1365.71,703.05,2133.08,1365.71,2979.58,63.67,60.7,66.96,429.8,606.98,234.35,2610.63,2003.03,3280.88,9344.16,8437.03,10344.83,54.8,100.0,21.2,54.5,54.8,96.5,,,,,,,,,,,,
456.81,413.25,502.85,1001.38,942.74,1063.37,4670.3,4142.99,5227.67,7479.65,6652.95,8353.47,11375.11,10688.09,12101.3,94.39,94.67,94.13,2676.21,3321.2,1994.46,2993.29,2620.88,3386.93,140.77,167.62,112.39,798.18,770.82,827.1,1141.33,704.61,1602.95,11408.3,10821.24,12028.83,13.15,87.14,27.29,92.41,28.63,92.2,37.0,36.0,39.0,23.0,14.0,48.0,47.0,50.0,34.0,41.0,45.0,51.0
336.1,347.98,323.48,4951.83,4828.19,5083.18,8111.14,8568.94,7624.77,15438.05,15484.99,15388.17,10082.9,8177.47,12107.21,78.7,81.4,76.7,604.97,695.95,508.32,2621.56,1304.92,4020.33,67.22,86.99,46.21,425.72,521.97,323.48,582.57,478.47,693.16,7887.07,6611.57,9242.14,4.3,100.0,13.0,88.9,4.3,100.0,29.63,28.17,31.25,22.22,7.41,43.0,41.0,45.0,14.58,44.68,19.0,67.0
69.0,33.0,107.0,2579.0,2390.0,2782.0,2596.0,2157.0,3067.0,5312.0,4580.0,6098.0,4315.0,4182.0,4458.0,97.2,96.0,98.4,567.0,830.0,285.0,1599.0,1494.0,1712.0,155.0,166.0,143.0,258.0,365.0,143.0,1152.0,929.0,1391.0,4693.0,4746.0,4636.0,27.1,77.8,11.2,90.9,28.0,96.6,50.0,47.0,54.0,37.0,13.0,54.0,51.0,59.0,31.0,69.0,31.0,77.0
,,,,,,,,,,,,,,,,,,,,,,,,,,,,,,,,,,,,,,,,,,,,,,,,,,,,,
525.6,529.5,521.43,5396.68,5106.5,5705.86,6402.35,6265.79,6547.85,12531.56,12150.51,12937.56,5649.13,5627.98,5671.67,93.15,94.3,91.94,974.63,1259.58,671.03,1554.03,1460.15,1654.06,163.47,172.49,153.87,235.9,232.66,239.35,823.57,597.7,1064.24,5028.35,4934.01,5128.86,11.52,77.78,23.18,100.0,22.92,94.97,32.42,31.65,33.18,25.63,6.78,38.0,38.0,38.0,25.92,38.92,31.0,46.0
349.95,336.86,367.07,13616.33,13450.43,13833.25,3272.28,2991.66,3639.22,17611.23,17155.92,18206.61,8448.85,6689.12,10749.87,96.5,95.92,96.98,1040.77,1050.69,1027.79,1263.46,1114.85,1457.79,199.97,200.51,199.27,768.08,721.85,828.53,2345.13,1227.14,3807.03,8267.05,6488.61,10592.55,10.84,80.65,41.43,99.16,30.24,98.27,45.42,34.97,43.04,26.17,19.25,55.0,41.0,73.0,34.81,56.03,43.0,68.0
,,,,,,,,,,,,,,,,,,,,,,,,,,,,,,,,,,,,,,,,,,,,,,,,,,,,,
