"ACUTE ILLNESS - Persons suffering from Acute Illness (Per 100,000 Population) - Diarrhoea/Dysentery - Person - Total","ACUTE ILLNESS - Persons suffering from Acute Illness (Per 100,000 Population) - Diarrhoea/Dysentery - Male - Total","ACUTE ILLNESS - Persons suffering from Acute Illness (Per 100,000 Population) - Diarrhoea/Dysentery - Female - Total","ACUTE ILLNESS - Persons suffering from Acute Illness (Per 100,000 Population) - Acute Respiratory Infection (ARI) - Person - Total","ACUTE ILLNESS - Persons suffering from Acute Illness (Per 100,000 Population) - Acute Respiratory Infection (ARI) - Male - Total","ACUTE ILLNESS - Persons suffering from Acute Illness (Per 100,000 Population) - Acute Respiratory Infection (ARI) - Female - Total","ACUTE ILLNESS - Persons suffering from Acute Illness (Per 100,000 Population) - Fever (All Types) - Person - Total","ACUTE ILLNESS - Persons suffering from Acute Illness (Per 100,000 Population) - Fever (All Types) - Male - Total","ACUTE ILLNESS - Persons suffering from Acute Illness (Per 100,000 Population) - Fever (All Types) - Female - Total","ACUTE ILLNESS - Persons suffering from Acute Illness (Per 100,000 Population) - Any type of Acute Illness - Person - Total","ACUTE ILLNESS - Persons suffering from Acute Illness (Per 100,000 Population) - Any type of Acute Illness - Male - Total","ACUTE ILLNESS - Persons suffering from Acute Illness (Per 100,000 Population) - Any type of Acute Illness - Female - Total","CHRONIC ILLNESS - Having any kind of Symptoms of Chronic Illness (Per 100,000 Population) - Person - Total","CHRONIC ILLNESS - Having any kind of Symptoms of Chronic Illness (Per 100,000 Population) - Male - Total","CHRONIC ILLNESS - Having any kind of Symptoms of Chronic Illness (Per 100,000 Population) - Female - Total",CHRONIC ILLNESS - Having any kind of Symptoms of Chronic Illness and sought Medical Care (%) - Person - Total,CHRONIC ILLNESS - Having any kind of Symptoms of Chronic Illness and sought Medical Care (%) - Male - Total,CHRONIC ILLNESS - Having any kind of Symptoms of Chronic Illness and sought Medical Care (%) - Female - Total,"CHRONIC ILLNESS - Having diagnosed for Chronic Illness (Per 100,000 Population) - Diabetes - Person - Total","CHRONIC ILLNESS - Having diagnosed for Chronic Illness (Per 100,000 Population) - Diabetes - Male - Total","CHRONIC ILLNESS - Having diagnosed for Chronic Illness (Per 100,000 Population) - Diabetes - Female - Total","CHRONIC ILLNESS - Having diagnosed for Chronic Illness (Per 100,000 Population) - Hypertension - Person - Total","CHRONIC ILLNESS - Having diagnosed for Chronic Illness (Per 100,000 Population) - Hypertension - Male - Total","CHRONIC ILLNESS - Having diagnosed for Chronic Illness (Per 100,000 Population) - Hypertension - Female - Total","CHRONIC ILLNESS - Having diagnosed for Chronic Illness (Per 100,000 Population) - Tuberculosis (TB) - Person - Total","CHRONIC ILLNESS - Having diagnosed for Chronic Illness (Per 100,000 Population) - Tuberculosis (TB) - Male - Total","CHRONIC ILLNESS - Having diagnosed for Chronic Illness (Per 100,000 Population) - Tuberculosis (TB) - Female - Total","CHRONIC ILLNESS - Having diagnosed for Chronic Illness (Per 100,000 Population) - Asthma / Chronic Respiratory Disease - Person - Total","CHRONIC ILLNESS - Having diagnosed for Chronic Illness (Per 100,000 Population) - Asthma / Chronic Respiratory Disease - Male - Total","CHRONIC ILLNESS - Having diagnosed for Chronic Illness (Per 100,000 Population) - Asthma / Chronic Respiratory Disease - Female - Total","CHRONIC ILLNESS - Having diagnosed for Chronic Illness (Per 100,000 Population) - Arthritis - Person - Total","CHRONIC ILLNESS - Having diagnosed for Chronic Illness (Per 100,000 Population) - Arthritis - Male - Total","CHRONIC ILLNESS - Having diagnosed for Chronic Illness (Per 100,000 Population) - Arthritis - Female - Total","CHRONIC ILLNESS - Having diagnosed for Chronic Illness (Per 100,000 Population) - Any kind of Chronic Illness - Person - Total","CHRONIC ILLNESS - Having diagnosed for Chronic Illness (Per 100,000 Population) - Any kind of Chronic Illness - Male - Total","CHRONIC ILLNESS - Having diagnosed for Chronic Illness (Per 100,000 Population) - Any kind of Chronic Illness - Female - Total",CHILDHOOD DISEASES - Children suffering from Diarrhoea (%) - Total,CHILDHOOD DISEASES - Children suffering from Diarrhoea who received HAF/ORS/ORT (%) - Total,CHILDHOOD DISEASES - Children suffering from Acute Respiratory Infection (%) - Total,CHILDHOOD DISEASES - Children suffering from Acute Respiratory Infection who sought treatment (%) - Total,CHILDHOOD DISEASES - Children suffering from Fever (%) - Total,CHILDHOOD DISEASES - Children suffering from Fever who sought treatment (%) - Total,MORTALITY - Infant Mortality Rate (IMR) - Total - Person,MORTALITY - Infant Mortality Rate (IMR) - Total - Male,MORTALITY - Infant Mortality Rate (IMR) - Total - Female,MORTALITY - Neo-natal Mortality Rate - Total,MORTALITY - Post Neo-natal Mortality Rate - Total,MORTALITY - Under Five Mortality Rate (U5MR) - Total - Person,MORTALITY - Under Five Mortality Rate (U5MR) - Total - Male,MORTALITY - Under Five Mortality Rate (U5MR) - Total - Female,CONFIDENCE INTERVAL (95%) FOR SOME IMPORTANT INDICATORS - Infant Mortality Rate - Total - Lower Limit,CONFIDENCE INTERVAL (95%) FOR SOME IMPORTANT INDICATORS - Infant Mortality Rate - Total - Upper Limit,CONFIDENCE INTERVAL (95%) FOR SOME IMPORTANT INDICATORS - Under Five Mortality Rate (U5MR) - Total - Lower Limit,CONFIDENCE INTERVAL (95%) FOR SOME IMPORTANT INDICATORS - Under Five Mortality Rate (U5MR) - Total - Upper Limit
438.86,465.34,409.08,23651.91,22433.52,25021.78,2737.2,2595.17,2896.89,27306.33,25858.54,28934.12,8931.85,7570.99,10461.91,84.1,85.48,82.98,210.02,240.21,176.06,295.7,212.69,389.04,309.34,320.2,297.12,1449.49,1580.83,1301.83,2494.9,1646.05,3449.29,8745.04,7415.86,10239.49,12.14,67.7,54.34,95.43,29.27,92.47,66.55,66.5,66.61,48.41,18.14,86,81,92,57.49,75.61,78,95
51.0,57.0,46.0,317.0,334.0,300.0,2022.0,1844.0,2187.0,3344.0,3177.0,3498.0,3509.0,3507.0,3511.0,93.4,90.4,96.2,362.0,431.0,298.0,812.0,680.0,935.0,129.0,168.0,94.0,423.0,597.0,262.0,358.0,312.0,401.0,3166.0,3217.0,3119.0,10.0,87.6,13.0,92.3,9.9,93.2,63.0,61.0,65.0,41.0,23.0,81,79,85,57.0,70.0,75,88
106.0,127.0,84.0,947.0,928.0,968.0,1927.0,1894.0,1963.0,7757.0,7764.0,7749.0,6954.0,6538.0,7404.0,86.7,83.6,89.7,827.0,946.0,698.0,1852.0,1471.0,2265.0,179.0,191.0,166.0,585.0,708.0,451.0,903.0,690.0,1133.0,6324.0,6018.0,6654.0,13.5,72.0,13.0,95.6,24.3,95.0,36.0,36.0,37.0,25.0,12.0,47,45,50,28.0,45.0,39,55
1081.02,1058.48,1105.17,1304.24,1358.2,1246.44,4878.16,4567.64,5210.7,7542.34,7258.89,7845.89,4054.84,4049.86,4060.18,77.63,80.0,75.1,740.69,857.55,615.54,442.88,413.55,474.29,197.25,294.03,93.61,552.98,601.87,500.62,367.67,318.97,419.83,4391.02,4452.6,4325.07,12.63,92.93,12.75,94.79,21.42,94.91,51.82,48.63,55.43,36.19,15.64,67,65,70,44.01,59.63,58,77
975.37,904.83,1052.7,1578.42,1519.66,1642.85,5340.05,4849.29,5878.1,8168.19,7509.74,8890.09,8275.95,6922.47,9759.86,85.4,88.1,83.4,1073.39,1149.43,990.03,1722.45,1344.17,2137.19,93.68,102.08,84.47,341.65,403.81,273.49,903.8,583.81,1254.63,7777.46,6880.14,8761.25,17.4,95.9,17.3,98.6,32.1,89.3,47.8,44.61,51.69,34.19,13.61,54,51,57,38.31,57.29,47,60
710.1,642.01,777.75,10375.44,10297.53,10452.84,6787.41,6639.14,6934.72,18569.74,18247.37,18890.01,15108.38,13174.8,17029.39,92.94,93.37,92.62,496.21,647.21,346.18,1051.79,857.56,1244.75,387.73,441.23,334.58,823.92,935.1,713.47,2312.57,1598.38,3022.12,13333.76,12683.33,13979.97,9.19,91.79,25.04,95.03,19.59,94.8,77.03,76.94,77.14,55.91,21.13,98,94,102,67.87,86.2,91,105
758.25,737.08,776.33,6351.09,6592.27,6145.2,948.67,862.43,1022.3,8287.78,8432.49,8164.25,19454.45,16720.03,21788.72,97.89,97.79,97.95,896.29,1073.67,744.88,1525.52,1175.16,1824.62,237.33,258.85,218.97,593.48,647.71,547.18,2976.23,2346.39,3513.91,16635.5,14980.2,18048.57,12.07,88.83,11.01,98.91,13.08,93.84,69.76,67.71,71.8,53.71,16.05,83,79,86,61.57,77.96,75,91
263.0,264.0,262.0,4859.0,4478.0,5240.0,1085.0,992.0,1179.0,8377.0,7805.0,8948.0,8760.0,7222.0,10296.0,91.0,91.3,90.7,446.0,523.0,369.0,788.0,646.0,930.0,436.0,483.0,390.0,1315.0,1228.0,1401.0,3818.0,3061.0,4573.0,11016.0,9481.0,12548.0,5.6,46.9,22.1,98.4,19.7,98.7,47.0,46.0,48.0,26.0,21.0,61,58,64,42.0,52.0,55,66
912.91,824.11,1003.37,1296.67,1233.91,1360.61,10699.92,10469.72,10934.44,14705.7,14276.89,15142.53,22383.24,21787.66,22989.99,96.33,96.18,96.48,1186.71,1441.01,927.65,2843.2,1971.42,3731.32,210.73,246.68,174.11,2010.14,2034.87,1984.95,3125.93,2954.39,3300.69,21919.15,21220.91,22630.47,16.58,80.9,42.18,93.15,36.84,92.54,49.0,47.0,50.0,31.0,18.0,70,74,67,40.0,57.0,61,80
513.04,562.66,453.3,1563.4,1636.45,1475.44,3001.47,2815.84,3224.97,5654.27,5531.2,5802.44,5638.76,5151.69,6225.18,87.3,87.3,87.3,197.85,213.82,178.62,296.31,245.0,358.08,248.35,266.44,226.57,812.41,911.63,692.95,1090.67,954.81,1254.24,5104.59,4697.66,5594.53,32.9,92.6,43.1,98.7,33.4,96.5,59.18,53.35,66.0,34.92,24.26,77,68,89,47.53,70.84,68,86
261.27,259.41,263.27,2165.09,1881.11,2472.25,3005.53,2562.3,3484.94,6470.14,5819.08,7174.35,8132.57,7538.93,8774.67,98.24,99.34,97.21,183.14,225.06,137.79,270.45,181.59,366.56,511.35,511.5,511.19,709.59,832.5,576.64,742.25,614.9,879.99,6733.49,6310.07,7191.47,3.01,80.31,15.13,96.47,7.26,96.37,54.93,53.21,56.86,38.67,16.26,81,77,86,45.98,63.88,73,90
149.0,160.0,137.0,796.0,774.0,821.0,2343.0,2311.0,2379.0,3632.0,3588.0,3679.0,4409.0,3848.0,5026.0,99.2,99.4,99.0,791.0,815.0,765.0,925.0,803.0,1060.0,103.0,85.0,123.0,970.0,901.0,1046.0,885.0,547.0,1257.0,5022.0,4384.0,5723.0,8.8,89.2,7.4,97.7,12.4,96.2,47.0,42.0,53.0,32.0,15.0,67,56,79,40.0,54.0,59,76
391.91,409.82,375.22,10293.54,10204.55,10376.45,7585.35,6815.77,8302.34,18641.4,17750.49,19471.43,17448.97,15381.51,19375.15,95.86,95.76,95.93,591.33,738.66,454.07,985.89,835.83,1125.7,280.68,327.28,237.27,546.82,629.03,470.24,2461.73,1975.44,2914.78,16744.21,15257.55,18129.28,12.06,90.22,25.54,98.3,33.27,93.85,77.21,77.62,76.79,63.51,13.7,94,93,94,68.04,86.39,85,103
2313.0,2479.0,2134.0,4168.0,4297.0,4030.0,3217.0,3149.0,3289.0,9883.0,10114.0,9634.0,14766.0,15142.0,14362.0,86.7,86.9,86.6,642.0,864.0,402.0,2888.0,3241.0,2510.0,77.0,83.0,71.0,174.0,214.0,131.0,1847.0,1736.0,1966.0,12968.0,13370.0,12536.0,8.1,91.8,12.8,94.7,13.5,74.4,54.0,50.0,58.0,33.0,21.0,65,60,70,44.0,63.0,55,75
397.0,369.0,425.0,3225.0,3147.0,3307.0,748.0,872.0,618.0,4766.0,4699.0,4837.0,7003.0,6557.0,7471.0,99.5,99.8,99.3,237.0,301.0,169.0,1362.0,1529.0,1186.0,155.0,190.0,119.0,283.0,264.0,303.0,1498.0,1552.0,1442.0,6964.0,6542.0,7406.0,3.5,86.2,2.0,93.9,16.0,89.6,74.0,78.0,71.0,43.0,31.0,101,102,100,50.0,99.0,84,117
231.0,228.0,233.0,1836.0,1853.0,1818.0,1770.0,1841.0,1698.0,4057.0,4109.0,4002.0,3099.0,2513.0,3705.0,96.2,98.2,94.7,195.0,162.0,229.0,221.0,170.0,274.0,148.0,137.0,159.0,548.0,609.0,484.0,397.0,218.0,582.0,2503.0,2143.0,2875.0,7.1,95.7,15.5,96.7,13.3,90.4,48.0,44.0,51.0,30.0,18.0,62,58,66,40.0,55.0,54,70
1512.16,1402.8,1616.77,406.15,362.7,447.72,9117.74,8600.45,9612.6,15219.11,14367.11,16034.18,13317.69,12527.71,14073.43,95.73,96.8,94.82,1180.11,1494.98,878.89,2477.8,1796.37,3129.7,245.55,248.4,242.83,198.17,244.89,153.48,4566.76,4157.65,4958.13,10729.9,10355.36,11088.2,20.39,86.59,27.46,90.94,35.46,91.39,67.0,60.0,75.0,46.0,20.0,78,66,91,55.0,78.0,69,87
783.0,755.0,810.0,6419.0,6577.0,6269.0,2431.0,2372.0,2488.0,15026.0,14547.0,15484.0,14057.0,12011.0,16013.0,76.8,76.7,76.9,448.0,590.0,311.0,1073.0,778.0,1356.0,524.0,596.0,456.0,1311.0,1327.0,1296.0,1436.0,1229.0,1634.0,8231.0,7510.0,8920.0,6.1,57.6,27.4,99.4,36.3,98.6,47.0,49.0,44.0,23.0,23.0,73,75,71,41.0,52.0,66,80
420.4,416.71,424.38,1499.54,1301.47,1712.36,2708.59,2419.28,3019.44,5108.27,4611.43,5642.08,7397.48,5934.63,8969.19,92.82,93.68,92.22,1053.57,1115.83,986.67,1053.57,807.74,1317.69,129.91,122.44,137.92,588.16,612.22,562.3,1544.55,815.64,2327.7,7061.98,5768.74,8451.45,4.97,91.78,13.96,96.1,10.96,90.68,28.92,25.54,32.61,20.5,8.42,36,30,42,22.99,34.85,31,42
486.17,516.49,451.81,4181.0,3975.66,4413.71,22034.12,22301.33,21731.29,26776.86,26870.74,26670.47,12150.32,10499.23,14021.5,95.02,92.23,97.39,1129.08,1092.7,1170.31,1349.17,939.65,1813.27,372.46,441.34,294.41,682.67,819.22,527.91,806.62,581.55,1061.69,9491.13,8127.33,11036.73,14.25,82.07,13.39,99.41,12.59,95.11,63.91,63.45,64.44,44.95,18.97,77,75,79,54.77,73.05,69,85
803.23,732.24,883.09,1375.06,1262.71,1501.44,3819.01,3219.81,4493.03,6325.96,5506.19,7248.11,8608.14,8304.18,8950.05,98.66,98.53,98.81,196.29,203.78,187.87,381.91,314.65,457.58,671.87,765.14,566.96,591.79,684.06,488.01,542.65,427.18,672.53,7158.15,6832.2,7524.8,23.01,99.44,17.23,100.0,14.39,95.95,81.35,80.9,81.82,52.47,28.88,118,111,127,72.51,90.2,108,128
367.68,357.66,377.02,6161.32,6349.24,5986.32,1062.22,1108.46,1019.17,7758.54,7970.42,7561.22,17766.51,16662.39,18794.71,99.52,99.41,99.62,638.42,805.39,482.94,760.89,740.12,780.24,338.63,389.1,291.63,560.34,681.64,447.39,2384.91,1756.66,2969.95,15318.14,13935.33,16605.86,19.02,84.23,21.44,99.11,29.08,98.49,74.88,74.81,75.0,58.8,16.08,91,83,98,62.43,87.33,80,101
252.42,245.83,259.73,886.28,888.29,884.06,2211.96,1882.74,2577.64,4173.9,3726.46,4670.89,9138.92,8095.36,10298.06,97.01,97.11,96.92,246.4,261.38,229.76,492.24,300.78,704.91,381.89,417.08,342.79,707.73,860.41,538.15,708.14,560.22,872.44,6948.56,6232.37,7744.06,4.42,97.99,17.4,100.0,12.51,97.16,58.33,53.45,63.52,36.65,21.67,83,74,92,48.87,67.78,75,91
162.34,173.79,152.62,462.82,423.74,496.02,959.72,808.42,1088.25,2168.78,1894.12,2402.12,7428.4,5723.38,8876.91,89.42,91.85,88.1,323.79,363.2,290.31,619.78,622.91,617.12,57.4,52.72,61.38,1022.5,1238.02,839.42,3100.7,1593.41,4381.22,6901.9,5383.61,8191.77,2.56,82.61,2.67,95.83,4.22,94.74,20.39,21.24,19.43,14.87,5.52,24,24,24,17.14,23.64,20,28
831.35,847.4,814.82,265.33,255.49,275.46,5669.73,5024.78,6333.83,12050.1,10703.45,13436.76,5272.35,4355.69,6216.24,95.5,96.48,94.79,1233.05,1536.59,920.5,1023.6,996.02,1052.0,126.24,152.31,99.4,322.25,275.78,370.1,2051.71,1632.19,2483.69,7031.29,6640.63,7433.55,12.96,95.2,21.7,91.95,28.36,95.66,48.0,47.0,48.0,36.0,12.0,59,55,64,39.0,56.0,52,67
564.0,572.0,556.0,6290.0,6145.0,6433.0,4107.0,4062.0,4150.0,11813.0,11626.0,11998.0,12156.0,10756.0,13533.0,79.4,80.5,78.4,608.0,775.0,444.0,953.0,915.0,990.0,443.0,658.0,233.0,201.0,201.0,201.0,3489.0,2497.0,4464.0,9568.0,8840.0,10286.0,5.4,91.8,17.5,88.4,12.1,84.9,53.0,53.0,53.0,35.0,18.0,87,85,89,47.0,58.0,81,93
2118.0,2069.0,2168.0,9599.0,9146.0,10065.0,4563.0,4817.0,4301.0,16616.0,16351.0,16889.0,29459.0,27651.0,31326.0,97.7,97.8,97.6,922.0,1277.0,556.0,7346.0,5948.0,8789.0,510.0,654.0,361.0,701.0,793.0,606.0,7202.0,6482.0,7945.0,20663.0,19296.0,22074.0,11.6,88.9,36.4,89.1,26.9,82.9,56.0,55.0,57.0,43.0,13.0,71,69,73,46.0,66.0,63,78
524.24,508.31,542.64,17225.51,16590.69,17958.8,1201.07,1176.96,1228.9,19350.21,18635.69,20175.58,11878.39,9738.38,14350.36,94.99,95.36,94.7,454.23,500.96,400.26,921.49,697.2,1180.57,232.68,240.93,223.14,1173.97,1366.95,951.05,5158.46,3544.1,7023.25,11658.97,9591.67,14046.95,18.37,66.48,50.61,96.02,27.71,92.89,51.4,49.39,53.8,34.67,16.73,69,63,76,44.88,57.93,64,74
229.0,244.0,215.0,2250.0,2253.0,2246.0,2960.0,2408.0,3500.0,5904.0,5338.0,6458.0,6408.0,5714.0,7089.0,75.1,78.8,72.2,286.0,342.0,231.0,358.0,344.0,371.0,335.0,413.0,258.0,363.0,414.0,314.0,1418.0,1185.0,1647.0,6131.0,5789.0,6465.0,6.6,83.1,24.8,94.2,26.2,96.3,40.0,39.0,40.0,23.0,17.0,52,50,54,34.0,45.0,47,57
554.0,565.0,543.0,1885.0,1903.0,1868.0,4280.0,4411.0,4155.0,11820.0,11586.0,12043.0,15738.0,12626.0,18702.0,80.7,81.5,80.2,449.0,588.0,315.0,794.0,739.0,847.0,497.0,588.0,411.0,1098.0,1079.0,1116.0,2339.0,2030.0,2633.0,9633.0,8670.0,10549.0,11.6,52.0,22.1,99.1,51.8,96.7,49.0,51.0,48.0,28.0,21.0,62,63,62,42.0,57.0,54,70
415.24,372.83,458.12,794.7,775.77,813.84,5893.29,5562.58,6227.65,8456.83,7917.4,9002.21,14577.34,14064.79,15095.55,95.79,95.76,95.82,1993.25,2415.8,1566.04,2733.96,2389.87,3081.83,169.29,179.19,159.27,2146.5,2102.06,2191.44,1538.27,1215.42,1864.68,14167.8,13508.4,14834.47,16.62,97.47,47.67,98.51,44.95,96.91,48.0,39.0,57.0,27.0,21.0,62,56,69,36.0,59.0,54,71
3915.0,3912.0,3918.0,9026.0,9140.0,8901.0,16778.0,16458.0,17129.0,30266.0,29961.0,30599.0,11363.0,9954.0,12906.0,91.3,90.3,92.1,117.0,123.0,110.0,611.0,489.0,744.0,407.0,500.0,305.0,1406.0,1350.0,1468.0,1963.0,1589.0,2373.0,9763.0,8561.0,11077.0,13.9,96.1,28.5,99.5,44.0,91.2,43.0,36.0,51.0,28.0,16.0,79,67,92,38.0,48.0,72,85
790.61,780.21,802.0,1662.47,1643.32,1683.4,11434.05,11125.91,11771.1,14081.04,13730.9,14464.05,5899.8,5007.8,6875.53,80.6,84.5,77.4,460.53,494.22,423.67,704.9,459.34,973.5,112.51,141.14,81.18,398.42,482.02,306.97,462.92,362.25,573.04,4543.94,4472.89,4621.66,7.5,98.4,10.5,93.4,27.0,98.2,58.86,55.99,62.05,43.93,14.93,68,66,71,49.11,68.62,61,75
236.21,214.12,260.67,521.44,468.53,580.06,1667.95,1367.42,2000.85,2866.82,2440.16,3339.44,6061.21,4929.08,7315.3,91.78,91.57,91.94,550.41,583.01,514.3,594.98,447.33,758.54,180.5,220.48,136.21,594.98,638.13,547.18,1612.24,1000.66,2289.7,5563.17,4570.8,6662.44,5.22,93.02,7.17,99.15,9.42,97.42,34.59,33.78,35.52,26.94,7.65,44,44,43,27.95,41.23,38,49
644.25,607.56,681.72,3777.06,3426.62,4134.92,3167.12,3054.1,3282.53,8697.54,8095.05,9312.79,18309.48,16952.76,19694.93,93.61,94.26,93.05,1499.82,1848.3,1143.96,3153.18,2219.09,4107.04,182.14,199.29,164.63,2472.37,2365.97,2581.03,2279.02,1742.32,2827.09,15697.67,14465.07,16956.37,13.07,89.13,41.31,97.18,36.77,94.59,75.0,70.0,80.0,41.0,34.0,101,94,109,61.0,89.0,92,110
4435.0,4250.0,4644.0,6517.0,6517.0,6517.0,12495.0,12217.0,12807.0,23745.0,23182.0,24378.0,12661.0,10950.0,14581.0,93.6,96.4,91.2,380.0,442.0,310.0,948.0,918.0,981.0,222.0,257.0,184.0,1088.0,1029.0,1154.0,2149.0,1688.0,2666.0,10012.0,9245.0,10872.0,15.3,82.8,30.9,99.2,34.7,87.9,48.0,48.0,48.0,32.0,16.0,65,61,69,41.0,55.0,59,70
283.32,310.7,253.79,13296.1,12288.56,14382.97,4930.71,4572.16,5317.49,18694.69,17340.59,20155.41,11019.77,9219.95,12961.31,93.86,94.36,93.49,476.38,437.66,518.14,843.46,667.81,1032.94,350.44,363.93,335.89,1591.67,1844.89,1318.52,2324.18,1443.09,3274.65,10810.79,9110.69,12644.77,3.6,84.54,41.73,99.59,38.82,98.65,78.01,81.11,74.9,51.63,26.38,104,99,109,67.15,88.87,96,111
191.19,179.98,203.21,2144.45,1862.81,2446.54,3291.16,3218.8,3368.78,6346.61,5981.46,6738.28,5140.32,4855.45,5445.86,88.1,88.2,88.0,266.53,277.08,255.2,568.25,444.27,701.23,139.55,150.23,128.09,747.25,791.21,700.1,1177.26,894.57,1480.48,4446.5,4238.74,4669.35,18.9,99.1,20.7,99.3,19.9,99.0,56.45,57.98,54.69,34.51,21.94,76,77,75,48.76,64.14,70,82
1129.0,1030.0,1233.0,923.0,998.0,844.0,4988.0,4610.0,5385.0,10491.0,9917.0,11094.0,5807.0,5259.0,6382.0,80.3,82.3,78.5,397.0,477.0,313.0,1216.0,956.0,1490.0,135.0,172.0,97.0,605.0,682.0,524.0,777.0,618.0,944.0,4847.0,4551.0,5158.0,11.0,72.2,19.1,96.3,20.4,95.1,63.0,61.0,65.0,46.0,17.0,78,76,82,50.0,75.0,69,88
390.0,388.0,392.0,945.0,1042.0,851.0,5288.0,4869.0,5695.0,9069.0,8720.0,9408.0,10732.0,9545.0,11884.0,75.3,77.1,73.9,277.0,334.0,221.0,436.0,456.0,416.0,364.0,344.0,384.0,889.0,977.0,803.0,1470.0,1263.0,1670.0,5972.0,5800.0,6138.0,5.1,46.5,17.5,97.9,22.1,91.8,51.0,50.0,52.0,29.0,21.0,69,71,66,41.0,60.0,61,77
505.0,508.0,501.0,1129.0,1150.0,1108.0,3561.0,3296.0,3837.0,5890.0,5591.0,6201.0,5831.0,5151.0,6540.0,69.2,71.3,67.4,342.0,400.0,282.0,372.0,297.0,449.0,557.0,695.0,412.0,586.0,677.0,492.0,729.0,565.0,900.0,5128.0,5006.0,5256.0,8.3,89.8,14.3,94.7,27.0,93.5,52.0,51.0,53.0,30.0,22.0,76,73,79,48.0,55.0,72,80
115.0,141.0,88.0,3266.0,3334.0,3193.0,1550.0,1578.0,1520.0,5132.0,5250.0,5003.0,4370.0,4315.0,4429.0,89.5,90.3,88.6,250.0,307.0,189.0,914.0,817.0,1020.0,296.0,465.0,111.0,640.0,802.0,463.0,1137.0,820.0,1482.0,4382.0,4319.0,4450.0,14.1,79.5,27.3,97.5,13.7,90.7,69.0,66.0,74.0,45.0,25.0,81,74,90,59.0,79.0,71,92
390.0,402.0,379.0,2161.0,2261.0,2056.0,4880.0,4830.0,4931.0,10343.0,11397.0,9245.0,10435.0,9162.0,11760.0,77.6,77.7,77.5,314.0,352.0,274.0,810.0,732.0,891.0,403.0,436.0,370.0,1383.0,1416.0,1349.0,3636.0,3053.0,4243.0,11565.0,10443.0,12734.0,7.6,46.5,24.1,94.2,26.7,93.1,48.0,51.0,44.0,25.0,23.0,64,68,61,41.0,54.0,57,72
117.63,91.47,147.67,1774.38,1663.46,1901.8,720.38,535.58,932.66,2979.21,2495.64,3534.73,5982.01,5294.08,6772.26,95.6,95.79,95.44,240.79,257.82,221.23,321.28,288.06,359.44,297.4,272.27,326.26,257.35,254.16,261.02,376.78,291.38,474.89,4876.93,4219.89,5631.72,4.11,92.87,13.26,95.55,7.0,88.47,44.94,44.53,45.38,26.45,18.49,66,64,68,37.03,52.85,59,73
2259.32,2323.17,2194.59,12211.86,11575.6,12856.81,4129.04,4146.47,4111.38,19132.4,18524.1,19749.02,9866.9,8604.98,11146.07,96.0,94.51,97.17,611.73,719.89,502.08,1041.71,659.76,1428.87,237.3,304.76,168.92,568.31,610.69,525.34,1316.06,893.82,1744.07,6886.03,6086.09,7696.92,11.33,81.27,33.87,100.0,22.55,96.52,47.2,45.99,48.42,35.62,11.58,56,56,56,40.62,53.78,50,62
237.0,207.0,268.0,1743.0,1850.0,1636.0,4189.0,4173.0,4206.0,8583.0,8547.0,8619.0,16168.0,14116.0,18237.0,83.8,83.9,83.7,511.0,601.0,420.0,616.0,524.0,709.0,245.0,334.0,156.0,967.0,952.0,982.0,2461.0,2234.0,2691.0,12379.0,11161.0,13608.0,8.4,46.8,20.0,98.5,36.7,95.8,48.0,51.0,45.0,29.0,19.0,70,72,68,43.0,53.0,64,76
752.0,762.0,741.0,290.0,255.0,327.0,2721.0,2711.0,2731.0,4064.0,3975.0,4158.0,11421.0,10800.0,12080.0,98.2,98.6,97.9,847.0,1018.0,666.0,2449.0,2109.0,2810.0,234.0,326.0,136.0,929.0,1120.0,726.0,1072.0,832.0,1328.0,11282.0,10637.0,11967.0,9.8,84.2,12.9,86.7,19.9,86.5,43.0,51.0,34.0,31.0,11.0,58,68,48,34.0,51.0,51,66
218.39,211.62,224.64,715.55,710.3,720.4,2037.96,1625.95,2418.76,3973.27,3543.14,4370.81,14213.4,10880.86,17293.47,93.04,93.91,92.53,459.93,565.73,362.14,1232.84,1179.65,1282.0,97.62,102.67,92.95,1842.72,1898.34,1791.32,5884.42,3469.81,8116.12,13522.0,10430.37,16379.41,4.95,92.11,6.06,90.32,7.75,85.71,22.91,21.98,24.13,14.39,8.53,27,25,29,18.73,27.1,22,31
310.45,297.68,324.56,9265.38,8377.8,10245.3,4376.8,3893.28,4910.62,14113.22,12709.38,15663.11,9301.66,7447.96,11348.2,96.36,97.05,95.86,662.28,617.43,711.8,1100.85,634.89,1615.28,302.01,312.63,290.28,1122.41,1222.25,1012.18,2193.07,1377.76,3093.2,9037.96,7257.5,11003.65,10.37,73.94,38.19,96.6,28.41,95.57,76.4,77.29,75.43,54.35,22.05,99,99,98,62.4,90.4,90,107
1018.35,1045.61,990.23,5691.92,5503.55,5886.17,10032.67,9836.67,10234.8,17073.9,16737.17,17421.12,7352.25,7167.1,7543.18,57.6,59.03,56.2,290.04,351.05,227.12,231.9,212.38,252.03,324.93,439.23,207.08,564.67,669.23,456.85,1016.95,859.6,1179.21,4155.64,4307.32,3999.23,9.2,91.6,12.41,98.53,5.05,100.0,56.17,50.97,61.47,35.6,20.57,84,76,93,45.32,67.02,75,93
395.76,402.33,389.12,2443.27,2287.89,2600.55,3450.16,3245.16,3657.66,6452.42,6089.67,6819.59,3329.19,3037.63,3624.3,92.32,91.75,92.81,510.03,620.77,397.95,366.28,245.12,488.92,150.99,173.36,128.35,679.53,817.33,540.05,372.06,218.72,527.26,3631.56,3492.55,3772.25,3.79,83.45,11.53,100.0,11.73,100.0,45.72,38.37,53.87,26.96,18.76,62,61,64,36.12,55.33,54,71
336.97,363.34,313.49,13693.41,13538.27,13831.49,5331.47,4927.73,5690.77,19527.33,19014.12,19984.07,18489.33,16994.95,19819.29,99.13,99.07,99.18,771.9,949.41,613.92,1259.95,1042.21,1453.73,430.08,406.99,450.63,982.68,1132.8,849.08,2664.11,2541.74,2773.01,16968.5,15471.72,18300.59,11.04,77.43,24.56,98.65,28.01,96.5,74.19,74.7,73.63,57.43,16.76,89,88,90,66.69,81.69,82,96
561.36,581.92,539.34,4021.02,3458.61,4623.16,4587.91,4273.47,4924.56,9705.69,8861.62,10609.39,3913.63,3794.78,4040.87,91.4,90.1,92.7,245.99,255.52,235.78,324.25,292.91,357.8,239.83,294.88,180.88,393.25,389.07,397.73,539.72,515.34,565.81,3586.24,3565.71,3608.21,11.6,90.9,15.8,99.6,12.0,97.2,66.69,69.08,64.03,43.22,23.47,94,98,90,56.47,76.91,85,103
255.0,246.0,264.0,877.0,1020.0,733.0,2619.0,2495.0,2745.0,5550.0,5453.0,5649.0,9521.0,8106.0,10957.0,87.4,87.6,87.3,535.0,629.0,439.0,778.0,719.0,838.0,275.0,346.0,202.0,713.0,665.0,762.0,2228.0,1703.0,2761.0,8699.0,7737.0,9675.0,6.6,44.4,9.1,97.3,23.1,97.9,41.0,41.0,42.0,25.0,16.0,55,52,57,36.0,47.0,49,60
719.0,712.0,727.0,78.0,77.0,79.0,2892.0,2760.0,3026.0,4799.0,4547.0,5055.0,12611.0,11673.0,13564.0,97.2,97.3,97.2,499.0,657.0,339.0,1659.0,1381.0,1941.0,307.0,373.0,240.0,770.0,809.0,731.0,1430.0,1085.0,1780.0,12097.0,11187.0,13023.0,8.4,91.6,6.4,86.7,26.2,90.0,63.0,65.0,60.0,41.0,22.0,78,81,76,56.0,70.0,73,84
968.02,980.98,953.2,475.29,377.97,586.53,3643.0,2829.55,4572.92,5229.15,4206.36,6398.36,7902.07,6950.32,8990.07,96.94,97.18,96.74,234.25,269.13,194.38,407.38,246.69,591.07,395.64,441.16,343.59,1105.51,1194.39,1003.91,640.31,505.5,794.42,6158.99,5529.8,6878.26,5.19,91.47,16.01,99.46,18.55,97.84,58.45,58.98,57.84,40.78,17.67,84,79,89,51.94,64.97,78,90
185.0,219.0,149.0,2053.0,1786.0,2325.0,2476.0,2190.0,2767.0,5312.0,4609.0,6028.0,5531.0,5286.0,5781.0,89.3,89.3,89.4,334.0,393.0,274.0,1102.0,983.0,1223.0,186.0,248.0,124.0,792.0,1084.0,496.0,1233.0,921.0,1551.0,4870.0,4768.0,4973.0,10.9,81.1,3.5,85.8,26.6,95.6,64.0,65.0,62.0,46.0,17.0,80,79,81,54.0,74.0,69,91
169.0,163.0,176.0,2226.0,2291.0,2159.0,1707.0,1594.0,1826.0,4504.0,4416.0,4596.0,5807.0,5423.0,6209.0,77.5,79.9,75.2,486.0,700.0,264.0,352.0,359.0,344.0,299.0,377.0,218.0,491.0,491.0,491.0,737.0,565.0,917.0,5274.0,5379.0,5165.0,2.7,79.0,16.0,89.8,14.8,86.6,31.0,27.0,34.0,16.0,15.0,40,37,43,23.0,39.0,34,47
559.41,641.81,469.96,2256.47,1999.34,2535.62,3070.85,2744.23,3425.42,8342.0,7711.93,9026.01,6010.01,5947.46,6077.92,91.4,90.8,92.0,312.39,353.62,267.63,568.43,427.26,721.7,248.39,232.52,265.61,604.89,653.35,552.29,1354.14,1103.32,1626.44,5212.36,5048.21,5390.56,20.5,96.4,12.6,98.8,24.3,92.2,60.15,59.71,60.65,40.82,19.33,78,76,80,47.33,72.97,68,88
640.13,677.48,598.49,2941.43,2949.59,2932.32,4147.15,3735.48,4606.07,8579.84,8162.24,9045.38,9033.24,8439.68,9694.92,92.01,91.93,92.08,222.12,217.43,227.35,537.25,486.8,593.5,377.08,400.64,350.83,696.37,874.52,497.77,818.8,688.83,963.69,7127.36,6883.05,7399.72,4.68,96.53,13.74,99.53,18.85,99.1,67.83,66.23,69.56,51.74,16.08,97,94,99,56.04,79.62,88,105
202.0,208.0,196.0,4442.0,4343.0,4548.0,1979.0,1838.0,2133.0,8048.0,7668.0,8460.0,8265.0,7013.0,9626.0,92.3,92.7,91.9,1058.0,1383.0,704.0,902.0,760.0,1057.0,442.0,468.0,415.0,1209.0,1169.0,1253.0,2588.0,1800.0,3445.0,10386.0,9406.0,11452.0,4.5,52.6,15.5,98.8,15.0,97.4,31.0,30.0,33.0,18.0,14.0,46,44,48,27.0,35.0,41,50
396.0,418.0,374.0,1466.0,1408.0,1523.0,2788.0,2468.0,3103.0,5205.0,4796.0,5607.0,8342.0,7679.0,8994.0,85.8,87.3,84.4,629.0,668.0,591.0,1529.0,1111.0,1939.0,249.0,278.0,220.0,1087.0,1289.0,889.0,1560.0,1207.0,1907.0,7676.0,7022.0,8318.0,14.6,75.5,8.5,95.6,12.1,92.0,54.0,51.0,56.0,39.0,15.0,71,70,72,45.0,63.0,64,79
340.9,407.99,269.64,12065.16,12014.3,12119.18,2350.27,1996.7,2725.86,15141.53,14784.84,15520.42,9332.42,8166.83,10570.57,92.58,94.07,91.36,267.5,297.57,235.55,292.33,206.08,383.96,240.1,250.69,228.85,2032.22,2363.4,1680.41,2447.26,1824.12,3109.21,9146.67,8058.27,10302.84,10.77,92.67,53.61,92.35,24.92,93.23,50.27,52.9,47.77,33.62,16.64,78,78,79,41.82,58.71,70,86
375.0,360.0,390.0,7061.0,6836.0,7302.0,1866.0,1727.0,2014.0,9396.0,9001.0,9817.0,6723.0,6372.0,7098.0,90.6,92.7,88.6,1417.0,1662.0,1156.0,1524.0,1445.0,1609.0,240.0,290.0,186.0,281.0,305.0,256.0,1059.0,680.0,1462.0,6294.0,6056.0,6548.0,6.1,88.8,24.4,95.5,10.5,93.7,25.0,25.0,25.0,17.0,8.0,34,34,34,22.0,28.0,30,37
606.0,556.0,664.0,2222.0,2373.0,2051.0,2342.0,2379.0,2298.0,5320.0,5486.0,5131.0,3187.0,3058.0,3334.0,87.7,86.8,88.6,635.0,805.0,441.0,336.0,361.0,306.0,180.0,192.0,167.0,513.0,605.0,408.0,698.0,548.0,869.0,3812.0,4068.0,3520.0,8.3,90.2,10.0,97.4,17.8,96.3,45.0,43.0,48.0,29.0,16.0,63,58,68,37.0,54.0,55,70
1849.0,1894.0,1801.0,2416.0,2358.0,2479.0,7974.0,7756.0,8209.0,12428.0,12155.0,12721.0,11862.0,10470.0,13358.0,66.3,70.5,62.7,220.0,255.0,183.0,485.0,485.0,486.0,521.0,581.0,456.0,887.0,945.0,823.0,1622.0,1266.0,2005.0,7207.0,6873.0,7565.0,12.7,94.8,18.7,99.1,34.0,96.4,64.0,63.0,65.0,45.0,19.0,92,86,99,57.0,71.0,86,98
759.0,754.0,765.0,445.0,428.0,463.0,1269.0,1176.0,1364.0,2806.0,2665.0,2949.0,8636.0,8167.0,9114.0,98.4,98.3,98.5,654.0,773.0,532.0,2528.0,2267.0,2794.0,303.0,380.0,225.0,402.0,428.0,376.0,880.0,764.0,998.0,8513.0,8054.0,8979.0,8.2,91.5,8.3,79.4,11.7,84.0,61.0,60.0,63.0,43.0,18.0,73,70,75,51.0,71.0,67,79
1297.8,1292.84,1303.26,1660.43,1671.47,1648.26,5217.76,4881.65,5588.33,8405.69,8047.42,8800.69,10156.84,9131.52,11287.29,65.6,68.7,62.8,261.56,321.38,195.59,413.54,278.8,562.1,184.39,229.53,134.61,243.75,217.63,272.55,982.17,893.71,1079.7,5817.91,5358.0,6324.97,3.9,100.0,12.7,99.0,12.3,89.4,84.78,83.82,85.79,60.97,23.81,127,119,135,72.39,97.17,114,140
1362.27,1270.16,1463.48,2324.78,2203.57,2457.97,8907.65,8636.96,9205.09,14278.24,13527.95,15102.7,8919.4,7742.0,10213.17,85.3,86.5,84.4,304.91,319.13,289.28,738.41,416.54,1092.09,181.83,236.23,122.05,578.3,646.65,503.2,1265.85,904.93,1662.44,7308.47,6419.29,8285.55,15.3,95.2,13.4,97.5,27.9,94.8,70.58,59.08,82.85,53.27,17.31,106,91,121,57.38,83.78,95,116
61.83,64.91,58.92,1872.28,1381.6,2336.63,2497.67,1941.93,3023.58,4494.25,3442.75,5489.33,8825.56,5970.17,11527.71,74.56,79.81,71.99,291.12,337.78,246.95,449.55,397.39,498.92,66.98,70.21,63.93,911.99,1090.18,743.36,4131.65,2439.99,5732.52,7244.39,5227.04,9153.47,1.1,87.5,2.7,87.34,2.46,88.89,25.55,25.97,25.07,17.12,8.43,29,28,30,25.08,31.61,26,33
920.22,893.18,948.56,3120.77,2943.62,3306.46,6780.16,6541.52,7030.29,11009.78,10579.12,11461.21,4129.69,4131.04,4128.28,79.07,78.98,79.16,716.29,904.93,518.55,690.85,660.02,723.18,235.33,267.44,201.68,315.19,279.63,352.46,570.08,418.73,728.71,3689.91,3679.77,3700.54,13.72,90.74,18.9,98.97,18.96,95.08,48.14,47.99,48.29,38.19,9.95,57,57,57,41.51,54.77,52,62
1519.0,1514.0,1524.0,2520.0,2583.0,2456.0,4943.0,4844.0,5043.0,9407.0,9310.0,9505.0,12476.0,10203.0,14764.0,86.0,86.0,86.0,240.0,295.0,185.0,598.0,512.0,685.0,235.0,280.0,188.0,1050.0,951.0,1149.0,2212.0,1685.0,2742.0,9471.0,7922.0,11030.0,4.5,87.0,29.1,99.7,37.0,84.3,49.0,45.0,53.0,36.0,13.0,63,58,69,42.0,56.0,57,70
242.58,355.72,113.68,899.07,317.03,1562.18,2896.84,2489.03,3361.46,5637.0,4007.83,7493.06,3856.4,3676.41,4061.46,95.06,92.29,97.91,131.59,190.11,64.92,160.61,147.79,175.22,192.28,231.77,147.29,79.46,96.14,60.46,189.84,191.27,188.22,3296.25,3253.23,3345.27,3.26,81.67,22.28,99.63,14.91,98.89,72.93,72.46,73.44,53.48,19.45,114,111,117,56.67,89.19,102,125
281.0,285.0,278.0,1991.0,1859.0,2140.0,2168.0,2053.0,2298.0,4707.0,4410.0,5042.0,3824.0,3515.0,4172.0,76.8,82.8,71.1,221.0,251.0,188.0,428.0,340.0,527.0,245.0,337.0,140.0,586.0,675.0,486.0,918.0,694.0,1171.0,3581.0,3267.0,3936.0,33.3,89.9,19.0,94.2,29.4,85.5,58.0,55.0,62.0,38.0,21.0,73,64,83,50.0,67.0,64,82
403.91,469.36,334.58,1161.83,1159.25,1164.57,5807.37,5557.67,6071.83,7791.9,7564.1,8033.15,8969.39,8540.49,9423.66,94.3,94.7,94.0,352.7,364.6,340.1,872.52,640.19,1118.59,272.17,303.45,239.05,1124.5,1408.54,823.69,1504.01,1236.82,1786.99,8451.6,8183.08,8735.99,11.9,99.1,17.2,99.4,14.9,95.4,60.29,57.02,63.91,39.34,20.94,76,72,81,50.2,70.37,68,85
619.52,631.37,609.2,13055.72,13172.37,12954.12,1718.98,916.46,2418.0,15738.44,15071.02,16319.78,19455.99,17047.39,21553.95,96.98,96.62,97.23,498.61,598.95,411.2,794.8,577.0,984.51,345.57,368.2,325.86,528.15,733.22,349.53,2422.33,1962.55,2822.81,15953.63,15011.69,16774.09,10.12,94.98,14.11,97.04,22.85,92.95,63.16,62.1,64.0,46.8,16.37,78,75,80,53.22,73.1,68,87
409.34,365.8,454.62,277.72,288.44,266.57,3420.05,2722.33,4145.73,4584.61,4055.73,5134.69,8869.4,8413.88,9343.18,91.08,93.05,89.23,228.34,256.61,198.93,481.04,482.3,479.74,633.2,800.54,459.15,851.86,889.69,812.51,558.7,516.23,602.88,5996.41,6179.62,5805.86,3.65,94.16,18.96,89.21,9.23,97.16,55.25,54.72,55.84,35.68,19.56,96,84,108,47.79,62.71,88,104
4792.0,4659.0,4938.0,11903.0,12558.0,11191.0,8988.0,8459.0,9563.0,26019.0,25971.0,26072.0,13341.0,12109.0,14680.0,91.9,93.3,90.7,272.0,330.0,208.0,1073.0,856.0,1309.0,195.0,205.0,184.0,1341.0,1378.0,1301.0,1613.0,1339.0,1911.0,10690.0,9920.0,11526.0,10.8,93.4,35.5,97.6,35.2,85.7,60.0,61.0,60.0,39.0,21.0,97,92,103,51.0,70.0,90,105
708.3,679.26,738.86,4945.03,4499.6,5413.9,3459.3,3488.18,3428.9,9817.51,9396.43,10260.75,4324.61,4004.34,4661.73,90.58,88.55,92.41,820.88,942.51,692.84,779.01,667.85,896.03,145.26,192.5,95.52,600.81,684.33,512.9,562.14,387.0,746.49,5296.58,5124.5,5477.72,14.9,99.16,20.8,99.8,19.53,96.45,38.39,37.34,39.53,26.73,11.66,50,48,52,33.45,43.33,45,55
317.0,334.0,299.0,3101.0,2921.0,3291.0,2012.0,1924.0,2106.0,6053.0,5748.0,6374.0,5009.0,4152.0,5913.0,93.4,94.2,92.8,229.0,288.0,166.0,420.0,331.0,514.0,208.0,204.0,213.0,810.0,890.0,726.0,1123.0,722.0,1545.0,4960.0,4221.0,5739.0,6.5,87.6,21.0,97.1,17.4,95.1,50.0,43.0,58.0,31.0,19.0,74,65,84,44.0,56.0,67,81
374.25,348.91,399.36,1656.02,1558.56,1752.62,11059.58,9775.27,12332.51,13921.97,12530.95,15300.68,6724.47,6671.15,6777.32,65.11,67.87,62.41,193.23,224.06,162.68,336.59,301.55,371.33,117.51,193.27,42.42,171.02,212.83,129.57,1190.1,936.06,1441.88,4335.77,4404.07,4268.07,11.21,96.92,6.37,94.32,15.12,87.07,48.0,47.0,49.0,31.0,16.0,73,75,70,39.0,57.0,65,81
883.0,907.0,859.0,4708.0,4574.0,4840.0,4473.0,4155.0,4788.0,10395.0,9951.0,10833.0,9210.0,8686.0,9728.0,56.5,59.5,53.9,401.0,506.0,297.0,533.0,489.0,577.0,271.0,386.0,158.0,190.0,200.0,179.0,1154.0,907.0,1397.0,5049.0,5082.0,5016.0,8.5,72.5,28.5,88.6,21.3,85.3,45.0,48.0,42.0,34.0,11.0,70,73,66,41.0,49.0,65,74
919.29,907.12,932.48,3860.57,3649.26,4089.74,8096.25,7684.89,8542.41,13234.54,12640.26,13879.1,16159.02,14470.06,17990.84,99.71,99.68,99.74,1101.8,1266.04,923.68,1201.73,1047.5,1369.0,451.97,481.32,420.13,749.25,757.62,740.18,2638.57,1834.39,3510.77,16209.5,14509.25,18053.57,12.63,92.52,19.92,96.26,30.83,96.19,71.59,69.58,73.96,49.83,21.76,90,81,100,62.86,80.32,82,98
865.94,880.58,850.43,1106.95,1081.06,1134.35,9486.26,9058.07,9939.44,13039.57,12678.83,13421.37,6647.02,6062.59,7265.57,76.7,78.8,74.9,382.93,429.99,333.12,570.29,424.76,724.33,176.19,194.4,156.91,434.42,493.3,372.1,740.2,491.37,1003.55,4788.64,4537.3,5054.65,5.0,96.8,13.4,90.9,21.7,95.7,64.67,62.89,66.52,46.9,17.77,83,80,86,49.74,79.6,74,92
1269.17,1268.21,1270.17,400.08,392.87,407.58,3823.23,3370.57,4293.99,5699.3,5197.47,6221.18,6741.24,6235.66,7267.02,98.15,98.2,98.1,152.29,193.81,109.11,338.8,238.61,443.0,294.7,310.23,278.55,293.97,395.19,188.71,266.71,225.9,309.15,4816.8,4395.87,5254.56,3.34,95.99,16.44,98.68,12.03,97.94,53.24,53.9,52.5,34.84,18.4,80,77,84,45.27,61.2,72,88
867.82,871.12,864.6,6326.29,6217.99,6431.6,1470.59,1321.18,1615.88,9106.4,8790.34,9413.74,16406.49,15251.57,17529.56,97.83,97.53,98.08,761.57,878.04,648.31,1007.49,767.37,1240.99,292.33,345.64,240.49,1997.68,1776.49,2212.78,809.84,612.3,1001.93,14665.61,13527.52,15772.32,17.37,94.72,21.73,99.68,25.23,97.19,88.26,89.41,86.94,64.96,23.3,115,116,114,78.87,97.65,106,125
613.09,598.96,628.73,1316.78,1400.71,1223.87,8015.09,7801.12,8251.92,10499.5,10174.6,10859.11,6712.94,5895.55,7617.65,77.5,78.7,76.5,224.07,269.14,174.19,564.34,386.32,761.38,138.48,161.39,113.12,336.63,360.27,310.46,299.22,225.01,381.37,5042.79,4363.84,5794.26,6.1,92.1,20.5,97.7,30.6,92.6,61.88,56.73,67.78,41.37,20.51,69,65,73,52.05,71.72,60,77
580.0,554.0,610.0,2235.0,2257.0,2209.0,5879.0,5517.0,6283.0,9091.0,8701.0,9527.0,6333.0,5806.0,6922.0,78.9,80.3,77.5,89.0,94.0,83.0,475.0,389.0,571.0,341.0,386.0,291.0,1320.0,1486.0,1135.0,717.0,518.0,939.0,4854.0,4578.0,5162.0,15.4,91.9,21.8,97.9,23.1,92.6,53.0,44.0,64.0,31.0,22.0,82,73,92,46.0,60.0,72,91
375.27,382.72,367.39,505.29,509.83,500.49,6297.3,5823.84,6798.54,8164.43,7673.73,8683.94,12465.05,12071.01,12882.22,93.38,93.84,92.92,2051.09,2538.41,1535.16,2925.45,2285.64,3602.83,136.68,139.11,134.1,1708.35,1615.06,1807.11,1966.9,1662.16,2289.53,13008.04,12178.67,13886.1,13.08,88.99,40.74,97.3,37.86,93.05,56.0,52.0,61.0,35.0,21.0,85,79,90,49.0,64.0,77,92
373.64,358.67,386.73,1524.77,1384.19,1647.66,1657.62,1544.18,1756.79,3629.38,3357.59,3866.99,12942.63,10731.04,14876.04,93.86,95.21,93.01,1279.28,1429.41,1148.03,1741.21,1458.31,1988.52,201.59,218.82,186.53,708.91,911.93,531.43,1162.24,659.57,1601.68,10235.25,8956.74,11352.95,7.63,86.0,14.12,95.5,16.49,88.36,37.42,35.37,39.75,24.8,12.62,45,43,47,33.75,41.1,41,49
695.04,687.05,704.27,12175.36,11739.76,12678.59,2769.02,2593.19,2972.16,16257.56,15579.96,17040.38,10940.07,9667.72,12409.97,94.58,93.07,95.95,333.43,362.31,300.05,660.34,502.8,842.35,447.79,535.68,346.26,1628.62,1924.14,1287.21,3488.38,2248.89,4920.33,10563.09,9014.54,12352.08,21.57,86.15,49.62,96.79,29.15,96.09,57.18,53.83,60.88,37.96,19.21,78,68,89,48.88,65.47,69,86
428.0,400.0,454.0,5280.0,5615.0,4963.0,2569.0,2450.0,2681.0,13408.0,13118.0,13682.0,17212.0,14290.0,19971.0,81.4,81.9,81.0,490.0,630.0,358.0,1114.0,935.0,1283.0,453.0,556.0,356.0,1378.0,1368.0,1388.0,1839.0,1624.0,2041.0,9183.0,8586.0,9746.0,5.2,45.6,30.9,99.3,40.7,96.9,51.0,47.0,55.0,23.0,28.0,72,68,77,46.0,57.0,65,79
453.77,519.85,385.38,4321.1,4298.93,4344.05,2884.94,2806.77,2965.85,8358.34,8230.36,8490.82,17447.85,15892.4,19057.95,81.17,83.69,78.99,519.26,670.88,362.31,566.38,529.72,604.33,383.94,466.92,298.05,555.3,564.3,545.97,2148.45,1603.12,2712.93,14349.68,13496.15,15233.18,8.87,90.55,22.79,98.86,29.94,98.35,79.85,79.2,80.61,57.42,22.43,105,105,106,66.84,92.86,93,118
397.29,413.99,380.75,141.5,128.8,154.09,3368.95,3242.53,3494.24,4594.05,4409.45,4776.99,6596.17,6427.81,6763.01,74.26,75.34,73.24,481.37,567.62,395.89,702.85,623.05,781.94,183.26,278.99,88.39,259.14,325.8,193.07,916.89,607.24,1223.75,5555.27,5489.01,5620.94,23.4,71.59,19.92,76.44,24.52,71.33,48.0,44.0,52.0,32.0,17.0,65,62,69,40.0,55.0,56,75
87.0,78.0,96.0,2503.0,2346.0,2662.0,3429.0,3173.0,3689.0,6223.0,5742.0,6710.0,4233.0,3876.0,4595.0,93.4,93.8,93.0,280.0,368.0,191.0,780.0,627.0,935.0,116.0,151.0,80.0,513.0,554.0,472.0,672.0,577.0,769.0,3239.0,3046.0,3434.0,20.5,95.9,15.0,82.0,17.9,86.8,70.0,66.0,75.0,53.0,17.0,85,80,90,62.0,78.0,77,92
221.0,225.0,217.0,1527.0,1379.0,1675.0,587.0,592.0,582.0,2398.0,2255.0,2540.0,1949.0,1910.0,1989.0,94.2,95.3,93.2,217.0,224.0,209.0,406.0,413.0,400.0,95.0,109.0,82.0,237.0,298.0,176.0,294.0,228.0,359.0,1870.0,1844.0,1896.0,9.4,91.3,11.0,86.3,7.0,81.4,57.0,54.0,60.0,36.0,21.0,95,89,101,50.0,64.0,86,103
460.91,442.13,481.46,2212.81,2163.44,2266.85,3238.41,2933.16,3572.53,6639.4,6216.68,7102.11,9662.03,8422.16,11019.14,96.3,96.5,96.0,1086.74,1104.11,1067.72,2474.1,1951.52,3046.11,273.03,273.92,272.04,972.99,935.38,1014.15,1580.2,1133.35,2069.31,9412.03,8234.94,10700.45,15.3,95.8,19.9,99.6,19.8,98.4,47.57,50.21,44.68,29.07,18.5,60,64,57,39.41,55.72,53,68
176.0,178.0,174.0,1378.0,650.0,2150.0,2173.0,2020.0,2335.0,5834.0,4900.0,6825.0,6445.0,6085.0,6826.0,90.3,88.4,92.1,307.0,368.0,242.0,923.0,754.0,1102.0,236.0,291.0,178.0,843.0,1016.0,660.0,854.0,716.0,1001.0,5544.0,5444.0,5650.0,12.3,92.2,9.6,96.1,11.3,91.3,65.0,65.0,66.0,47.0,18.0,85,84,86,55.0,76.0,76,94
143.37,144.78,141.82,1439.2,1318.31,1571.47,3826.39,3728.45,3933.55,5769.65,5549.51,6010.52,7603.36,6678.34,8615.4,92.4,93.1,91.9,355.83,398.85,308.76,1106.54,729.77,1518.76,286.78,338.63,230.04,539.41,538.19,540.74,706.44,575.68,849.51,6622.66,5808.79,7513.11,22.3,97.3,22.7,97.6,22.1,98.0,56.27,55.82,56.77,38.81,17.46,80,76,84,47.8,64.73,71,88
109.69,122.52,94.57,1676.79,1700.67,1648.68,2181.16,1642.86,2814.97,4311.94,3833.36,4875.43,5149.02,4943.32,5391.21,83.8,85.5,82.0,228.07,245.38,207.69,323.0,284.02,368.91,243.47,292.26,186.02,681.49,757.57,591.91,1052.8,896.3,1237.08,4699.92,4536.37,4892.48,16.8,97.1,22.2,97.1,18.8,92.4,54.14,55.1,53.04,31.18,22.96,67,66,67,46.64,61.63,61,73
158.84,153.82,163.71,1162.41,1091.42,1231.4,1245.44,1157.34,1331.06,4635.21,4387.64,4875.79,14551.82,11287.72,17723.68,86.7,87.67,86.1,617.31,725.17,512.49,1111.87,966.89,1252.76,227.43,249.05,206.42,1732.79,1823.91,1644.25,4635.21,2585.7,6626.81,13161.98,10313.51,15929.96,3.62,100.0,6.61,93.55,12.79,95.0,33.58,36.52,30.24,23.94,9.64,42,43,41,21.77,45.39,32,52
189.0,206.0,172.0,2174.0,2179.0,2169.0,2687.0,2362.0,2987.0,5324.0,5001.0,5622.0,6031.0,5070.0,6918.0,73.5,74.7,72.6,257.0,347.0,174.0,315.0,316.0,313.0,273.0,346.0,206.0,455.0,457.0,452.0,1103.0,762.0,1417.0,5220.0,4757.0,5648.0,3.0,70.2,24.4,91.2,19.3,91.6,28.0,28.0,28.0,18.0,10.0,37,37,37,23.0,34.0,33,41
338.08,314.13,366.19,13450.02,12759.1,14260.57,3488.16,3184.53,3844.35,17432.61,16398.26,18646.05,8571.69,7287.48,10078.24,96.13,96.37,95.93,891.46,873.98,911.97,1214.89,851.4,1641.31,290.58,322.87,252.7,1091.81,1198.52,966.62,1668.94,1003.76,2449.29,8472.0,7196.14,9968.77,10.21,71.19,40.71,98.46,29.94,97.35,45.56,37.7,54.28,30.11,15.45,59,50,68,39.58,51.54,53,65
1042.71,1055.05,1030.21,880.04,857.57,902.78,1902.82,1736.83,2070.85,4654.55,4391.67,4920.66,1990.93,1961.55,2020.66,85.7,83.34,88.01,307.01,406.43,206.38,220.42,183.99,257.29,65.85,83.22,48.26,256.4,332.03,179.84,162.97,123.19,203.25,2212.79,2155.07,2271.23,25.43,98.97,20.82,96.8,30.63,96.54,39.56,37.09,42.22,25.53,14.03,52,51,52,31.08,48.05,45,58
416.22,453.46,378.95,1750.8,1795.11,1706.46,15542.68,14920.71,16165.11,18103.48,17520.5,18686.88,7984.01,7271.02,8697.52,90.8,94.0,88.2,243.05,312.25,173.8,672.71,470.74,874.82,100.68,119.31,82.04,329.85,418.04,241.6,1830.21,1378.55,2282.2,7066.12,6689.81,7442.7,18.0,84.0,16.2,93.0,20.1,95.8,58.78,56.9,60.73,45.86,12.92,69,67,72,49.0,68.56,62,77
679.41,726.73,630.89,484.36,459.95,509.4,7305.4,6955.21,7664.46,10720.89,10101.6,11355.86,8412.13,7691.8,9150.7,93.3,93.59,93.05,675.76,810.83,537.27,1576.84,1183.96,1979.66,232.94,300.56,163.61,355.42,387.38,322.64,2250.81,1883.07,2627.85,8014.23,7384.16,8660.24,11.12,89.72,11.8,90.46,21.01,95.57,97.0,97.0,97.0,71.0,25.0,111,111,111,82.0,111.0,99,123
1386.89,1441.28,1335.36,10264.62,10326.28,10206.19,8173.46,7027.42,9259.45,20135.82,19075.45,21140.61,19163.91,17321.33,20909.93,96.99,97.03,96.96,725.41,812.15,643.21,1270.07,927.88,1594.32,393.82,435.45,354.37,700.45,774.34,630.44,2201.02,1585.44,2784.34,18175.11,16298.49,19953.39,13.74,82.71,21.25,98.26,21.59,97.51,73.4,72.65,74.21,58.5,14.91,86,88,85,65.18,81.63,78,95
648.93,619.23,679.01,519.49,544.3,494.37,5024.89,4325.8,5732.95,7364.65,6596.9,8142.25,10279.86,9207.72,11365.76,86.99,86.26,87.59,900.38,1010.39,788.96,2516.43,1947.6,3092.57,359.81,530.61,186.82,460.18,437.59,483.05,2827.9,2098.25,3566.93,10821.6,9529.46,12130.34,10.11,80.27,14.62,91.71,22.01,91.36,56.0,47.0,66.0,28.0,28.0,81,75,88,42.0,70.0,69,92
896.72,827.96,970.46,3405.34,2551.02,4321.49,3952.55,3584.33,4347.41,11505.85,10148.4,12961.56,13923.29,12634.3,15305.58,90.76,91.0,90.55,1236.85,1507.66,946.44,2998.64,2399.05,3641.64,234.97,277.22,189.66,426.88,435.75,417.35,2716.03,2012.33,3470.67,12690.03,11548.22,13914.5,14.22,88.87,30.71,90.27,23.98,91.21,42.0,42.0,42.0,34.0,8.0,48,46,51,38.0,46.0,44,53
671.96,738.15,598.48,14409.66,14307.96,14522.55,6489.12,6169.17,6844.28,21921.92,21532.47,22354.21,13271.06,11617.24,15106.82,86.57,86.12,86.96,448.52,442.92,454.73,744.83,449.02,1073.19,450.66,479.62,418.51,1648.7,1989.51,1270.4,2765.16,2032.27,3578.67,12767.66,11133.2,14581.93,12.17,83.31,43.59,96.9,35.14,94.14,73.36,71.92,74.85,50.48,22.88,91,88,95,60.3,86.41,81,101
479.42,456.4,507.27,12674.69,12443.27,12954.71,5531.98,5068.02,6093.41,19328.72,18574.15,20241.82,8774.39,6817.84,11141.99,94.84,94.94,94.77,562.81,595.95,522.7,790.99,649.15,962.63,229.59,244.57,211.46,1199.99,1111.57,1306.99,2557.09,1331.98,4039.58,8659.55,6706.87,11022.48,11.4,79.63,40.39,97.41,29.16,98.99,57.26,56.27,58.4,36.39,20.87,70,66,74,51.53,62.99,63,76
233.0,241.0,224.0,2224.0,2711.0,1737.0,2610.0,2146.0,3074.0,5483.0,5460.0,5505.0,5616.0,4928.0,6302.0,83.4,83.7,83.1,264.0,353.0,174.0,408.0,375.0,442.0,297.0,361.0,232.0,305.0,310.0,300.0,1538.0,1327.0,1748.0,5312.0,5003.0,5620.0,3.6,76.4,19.4,91.3,18.0,91.9,33.0,35.0,31.0,19.0,13.0,47,49,44,28.0,38.0,42,51
1107.72,1214.12,995.57,788.06,851.03,721.7,12898.76,11335.86,14546.03,14987.21,13568.99,16481.98,12613.18,11778.72,13492.68,69.9,68.3,71.3,470.39,549.15,387.38,874.1,679.8,1078.88,176.23,215.12,135.23,656.64,683.74,628.07,3006.16,2758.18,3267.53,9079.18,8568.97,9616.93,20.0,98.6,24.4,94.2,21.6,86.1,68.03,66.4,69.73,44.97,23.06,100,97,103,56.46,79.6,88,112
472.13,505.45,432.87,9065.57,8769.74,9414.09,4767.04,4317.65,5296.46,14465.94,13746.77,15313.19,10457.46,8554.13,12699.77,92.21,92.67,91.85,337.06,364.16,305.12,895.17,663.14,1168.53,319.99,349.78,284.9,1532.85,1630.75,1417.51,3163.07,2003.95,4528.62,9990.98,8220.39,12076.91,10.92,84.71,30.38,99.09,26.96,97.39,52.24,55.55,48.87,35.08,17.15,70,73,68,46.12,58.35,64,77
1629.95,1674.42,1582.23,338.67,350.5,325.99,1755.64,1652.09,1866.75,4038.71,3973.12,4109.08,6679.53,6578.7,6787.73,94.01,94.78,93.2,148.14,176.2,118.02,329.91,275.55,388.24,241.96,236.78,247.52,596.27,734.03,448.46,643.88,633.08,655.46,5590.16,5462.99,5726.62,11.61,91.21,13.72,97.95,44.02,98.55,66.49,67.82,65.11,44.24,22.26,105,93,118,60.85,72.13,99,111
3245.0,3301.0,3189.0,9790.0,9772.0,9809.0,5671.0,5518.0,5822.0,19004.0,18870.0,19137.0,24904.0,22850.0,26926.0,88.4,89.7,87.3,931.0,1092.0,773.0,4687.0,3914.0,5448.0,350.0,459.0,242.0,767.0,880.0,655.0,4099.0,3782.0,4411.0,22323.0,20660.0,23961.0,29.1,90.6,15.8,95.6,35.5,90.2,65.0,61.0,69.0,44.0,21.0,77,71,83,55.0,74.0,66,88
994.07,974.81,1014.96,1255.27,1301.58,1205.05,14236.82,13345.3,15203.49,16729.43,15822.97,17712.31,5368.5,5059.65,5703.38,91.9,92.1,91.7,205.76,220.94,189.3,417.2,356.05,483.51,94.8,99.09,90.15,503.72,556.63,446.35,820.79,654.14,1001.48,4679.75,4412.65,4969.36,8.6,92.9,17.9,84.9,20.9,96.4,60.8,60.97,60.6,44.32,16.48,70,72,68,52.06,69.53,63,77
1146.32,1227.08,1071.47,4479.88,4481.99,4477.92,1747.23,1551.67,1928.48,7836.28,7719.74,7944.3,16869.54,14746.06,18837.59,97.52,97.29,97.69,731.63,903.74,572.12,1071.2,816.94,1306.85,280.11,321.09,242.13,777.07,896.7,666.19,1955.78,1593.25,2291.78,12750.76,11438.82,13966.68,13.87,91.1,16.82,96.53,20.75,94.92,80.78,83.19,78.0,60.39,20.39,106,102,110,69.29,92.27,96,117
671.0,634.0,704.0,2431.0,2632.0,2247.0,2729.0,2392.0,3037.0,11525.0,10619.0,12352.0,16097.0,13195.0,18744.0,78.5,80.4,77.2,339.0,447.0,240.0,879.0,712.0,1031.0,370.0,391.0,351.0,1263.0,1335.0,1198.0,2219.0,1888.0,2521.0,9305.0,8437.0,10096.0,8.4,40.7,21.3,99.0,38.7,97.4,46.0,47.0,46.0,28.0,18.0,53,53,53,39.0,54.0,47,60
320.0,291.0,354.0,2466.0,2426.0,2511.0,2815.0,2643.0,3008.0,5917.0,5648.0,6220.0,7148.0,6273.0,8134.0,96.9,97.0,96.8,725.0,782.0,661.0,1096.0,865.0,1356.0,278.0,322.0,228.0,1033.0,1101.0,955.0,628.0,304.0,993.0,5856.0,5259.0,6529.0,17.9,91.0,37.2,98.1,33.6,94.9,50.0,44.0,57.0,35.0,15.0,65,55,77,42.0,58.0,58,73
74.56,103.81,43.17,1061.28,1038.47,1085.76,1792.91,1585.96,2014.99,3094.11,2903.79,3298.34,6168.63,5549.49,6833.02,91.8,92.3,91.3,365.17,372.23,357.6,1214.24,943.39,1504.89,169.7,195.17,142.37,770.52,782.54,757.63,1428.04,1097.25,1783.02,5676.87,5126.09,6267.89,10.4,94.8,12.3,99.6,10.6,96.6,55.63,57.63,53.43,32.34,23.3,76,78,74,44.83,66.43,68,84
2176.0,2156.0,2194.0,4880.0,4763.0,4995.0,10357.0,9935.0,10768.0,18225.0,17653.0,18782.0,15990.0,14284.0,17652.0,75.8,73.3,77.9,358.0,444.0,274.0,699.0,585.0,811.0,408.0,509.0,311.0,912.0,918.0,905.0,1280.0,994.0,1558.0,11012.0,9790.0,12203.0,15.4,94.1,22.9,99.0,46.4,96.6,52.0,54.0,50.0,38.0,14.0,79,81,77,45.0,59.0,73,85
230.96,217.62,242.9,1123.36,1055.57,1184.08,2716.66,2055.39,3309.0,4733.43,3900.15,5479.86,12004.77,8979.43,14714.72,96.32,97.44,95.71,247.15,313.21,187.97,503.66,536.58,474.17,124.63,126.99,122.51,1255.67,1414.87,1113.06,4596.59,2617.06,6369.8,10704.79,8150.73,12992.62,5.47,83.28,13.71,82.79,13.22,83.08,31.46,30.3,32.85,19.51,11.94,38,36,40,26.87,36.05,33,43
1836.0,1974.0,1692.0,7412.0,7249.0,7582.0,2808.0,2375.0,3262.0,12321.0,11824.0,12843.0,24824.0,23162.0,26567.0,92.3,92.6,92.0,1174.0,1444.0,890.0,7077.0,6389.0,7799.0,256.0,299.0,210.0,438.0,485.0,390.0,5621.0,4907.0,6369.0,23222.0,21715.0,24803.0,4.9,79.7,21.6,90.4,30.9,77.8,56.0,54.0,59.0,38.0,19.0,72,72,73,46.0,68.0,64,81
2019.45,1916.08,2136.52,1735.49,1694.36,1782.08,3575.46,3153.37,4053.5,7984.08,7372.61,8676.6,7777.37,7487.97,8105.12,91.56,92.25,90.84,231.94,246.55,215.39,428.88,304.22,570.06,383.45,417.56,344.82,581.55,651.99,501.78,550.18,432.17,683.83,5152.68,4597.43,5781.51,14.54,93.7,25.09,98.78,24.91,98.53,78.37,79.14,77.54,54.75,23.62,117,113,120,67.78,88.97,107,126
238.0,257.0,219.0,1250.0,1101.0,1394.0,3283.0,3176.0,3386.0,5172.0,4966.0,5371.0,4741.0,4792.0,4692.0,89.6,91.1,88.2,252.0,309.0,197.0,880.0,747.0,1009.0,142.0,173.0,113.0,966.0,1164.0,775.0,934.0,794.0,1068.0,4570.0,4643.0,4501.0,18.3,65.4,7.6,97.2,17.7,94.0,72.0,66.0,78.0,52.0,20.0,94,90,98,63.0,80.0,86,101
687.68,654.74,722.39,1779.37,1985.45,1562.22,6295.07,6190.98,6404.75,9252.38,9273.14,9230.51,3076.7,3176.63,2971.41,68.41,69.51,67.18,317.29,447.22,180.38,353.71,325.46,383.49,240.22,359.12,114.93,277.32,448.36,97.08,249.97,222.06,279.38,2954.03,3352.78,2533.86,2.28,94.59,15.66,99.21,11.12,97.85,50.46,48.57,52.55,28.69,21.77,90,89,91,43.14,57.77,82,97
29.0,32.0,26.0,80.0,77.0,82.0,611.0,476.0,755.0,842.0,694.0,1000.0,2200.0,1972.0,2443.0,95.3,95.3,95.3,129.0,148.0,108.0,190.0,139.0,244.0,105.0,90.0,122.0,553.0,622.0,479.0,49.0,29.0,70.0,1793.0,1687.0,1906.0,5.2,97.8,4.7,100.0,6.4,95.2,52.0,45.0,60.0,39.0,13.0,68,58,80,44.0,59.0,62,75
421.56,479.51,354.11,14705.83,14574.87,14858.21,2979.98,2934.56,3032.83,18471.03,18387.93,18567.73,10915.98,9549.47,12506.13,87.29,87.39,87.21,316.71,292.77,344.57,560.65,346.18,810.21,392.79,357.29,434.09,1641.24,1880.95,1362.3,2068.48,1516.46,2710.84,10185.77,8850.82,11739.19,10.07,81.84,46.0,97.27,29.14,95.04,80.39,79.84,81.0,57.61,22.78,100,94,107,69.66,91.12,91,109
441.64,425.86,459.78,17541.94,16981.09,18186.83,2325.15,2000.12,2698.88,20825.39,19830.13,21969.78,11103.54,10256.5,12077.5,94.7,95.67,93.75,482.37,543.08,412.57,1165.0,913.76,1453.89,269.97,317.59,215.22,1631.32,1843.98,1386.8,2544.47,1093.52,4212.84,13150.72,10189.96,16555.13,18.34,91.67,45.28,97.59,29.48,95.19,44.03,41.39,47.1,31.32,12.71,58,51,65,37.18,50.88,51,65
748.0,716.8,777.39,4531.94,4773.91,4303.93,3022.86,2848.12,3187.52,8531.99,8548.9,8516.05,20274.48,18317.65,22118.46,99.11,99.12,99.11,317.88,375.86,263.25,386.13,305.41,462.21,477.75,594.03,368.17,617.06,788.58,455.43,3865.05,3281.97,4414.49,16215.87,15090.21,17276.6,12.38,86.75,17.26,98.32,22.07,94.68,82.15,80.3,84.28,61.34,20.81,113,107,119,72.35,91.96,104,121
3368.0,3521.0,3217.0,4453.0,4342.0,4563.0,9987.0,10280.0,9697.0,18766.0,19012.0,18524.0,23339.0,21443.0,25209.0,92.4,93.0,92.0,1194.0,1367.0,1024.0,5299.0,4335.0,6251.0,299.0,355.0,243.0,651.0,762.0,542.0,2964.0,2448.0,3474.0,22075.0,20355.0,23773.0,12.7,82.6,9.0,92.8,30.8,91.9,53.0,52.0,54.0,35.0,17.0,69,68,70,47.0,58.0,64,74
105.61,105.01,106.32,1124.58,1211.02,1023.45,4517.86,3990.36,5135.11,6115.7,5660.86,6647.92,7443.12,6658.55,8361.15,94.02,94.03,94.0,184.02,168.38,202.33,448.28,266.47,661.01,287.91,294.74,279.91,642.69,689.63,587.77,486.24,349.63,646.1,4961.45,4485.73,5518.1,4.22,88.83,15.39,100.0,7.81,96.56,64.79,63.72,66.0,41.21,23.58,94,86,102,53.45,76.14,83,104
1445.0,1491.0,1397.0,8548.0,7882.0,9246.0,5556.0,5296.0,5829.0,16237.0,15194.0,17328.0,25929.0,24396.0,27534.0,86.5,86.5,86.6,1330.0,1585.0,1062.0,6555.0,5868.0,7274.0,364.0,389.0,337.0,680.0,697.0,661.0,5175.0,4551.0,5828.0,22610.0,21322.0,23958.0,15.0,86.0,34.0,92.0,29.1,80.9,51.0,51.0,51.0,34.0,17.0,65,64,66,45.0,57.0,59,72
1023.31,900.62,1150.59,5510.55,5264.42,5765.91,10924.3,10513.16,11350.86,19274.5,18581.45,19993.51,11713.08,10109.46,13376.8,74.4,78.2,71.5,198.19,220.79,174.74,1006.79,616.89,1411.3,65.4,72.94,57.59,483.13,640.25,320.13,916.19,752.25,1086.28,7524.61,6896.88,8175.86,38.8,97.8,37.2,78.3,21.6,94.0,66.91,65.41,68.53,45.79,21.13,85,83,86,53.61,80.22,74,96
986.42,1023.3,954.41,5546.77,5619.12,5483.97,1255.36,1156.05,1341.57,7958.57,7971.05,7947.73,20686.23,17617.31,23350.37,97.07,97.19,97.0,671.75,854.67,512.96,1196.74,878.35,1473.12,255.95,262.66,250.13,1055.47,1070.47,1042.45,2451.24,2197.16,2671.8,16549.41,14800.18,18067.93,13.9,88.98,18.87,97.96,22.74,95.1,78.01,77.14,79.0,61.1,16.91,96,92,100,70.17,85.86,88,104
374.0,389.0,360.0,3438.0,2994.0,3857.0,3453.0,3191.0,3700.0,7657.0,6948.0,8328.0,7272.0,6737.0,7777.0,78.3,78.9,77.9,330.0,379.0,283.0,333.0,289.0,375.0,235.0,299.0,174.0,396.0,464.0,332.0,1311.0,1216.0,1402.0,5393.0,5326.0,5457.0,4.1,79.5,28.8,85.9,22.4,90.5,42.0,40.0,45.0,25.0,18.0,53,49,57,35.0,50.0,46,59
384.37,387.83,380.74,1666.0,1600.51,1734.48,2288.45,2084.29,2501.94,4649.0,4344.09,4967.85,2805.75,2740.47,2874.02,83.7,82.3,85.1,114.8,88.11,142.7,206.0,212.17,199.56,176.98,216.81,135.33,178.59,189.29,167.4,406.75,273.35,546.26,2083.49,1876.15,2300.31,18.6,96.9,17.2,99.3,16.2,95.3,63.82,65.29,62.25,37.79,26.03,86,86,85,51.18,76.45,76,95
815.72,818.43,812.91,4529.56,4402.1,4661.54,9322.87,9061.71,9593.32,14852.61,14447.47,15272.15,5249.84,4894.78,5617.52,98.8,97.67,99.82,292.95,340.54,243.67,433.0,369.58,498.68,262.34,298.59,224.81,387.2,483.53,287.45,1396.34,1116.38,1686.25,4087.96,3857.04,4327.07,9.87,96.37,17.64,98.5,13.85,95.46,46.14,41.34,51.5,32.02,14.12,58,56,61,39.52,52.75,52,64
256.0,262.0,249.0,2868.0,2994.0,2725.0,2707.0,2737.0,2672.0,5974.0,6139.0,5786.0,3114.0,2812.0,3457.0,94.7,95.7,93.8,1275.0,1345.0,1196.0,1279.0,1002.0,1595.0,170.0,171.0,169.0,572.0,593.0,549.0,536.0,320.0,782.0,5690.0,5196.0,6252.0,16.4,94.7,22.2,98.4,22.2,96.8,52.0,46.0,58.0,34.0,18.0,71,64,78,43.0,60.0,63,79
2000.68,1822.29,2173.76,249.63,256.54,242.93,9875.69,9221.84,10510.09,14245.28,13132.54,15324.92,14937.49,13807.84,16033.53,87.55,89.12,86.23,1286.07,1604.06,977.55,2805.37,1796.93,3783.79,246.63,304.84,190.14,592.94,606.46,579.82,2025.68,1644.9,2395.14,12191.75,11395.16,12964.63,16.78,92.15,25.68,97.09,48.25,95.66,48.0,49.0,46.0,37.0,11.0,57,57,56,40.0,55.0,49,64
1178.82,1169.43,1187.99,78.33,89.45,67.47,6736.32,6469.37,6997.0,12215.66,11593.58,12823.12,6883.4,6543.83,7214.99,92.9,93.96,91.96,615.17,798.79,435.86,692.9,536.54,845.58,199.48,300.84,100.5,416.01,447.01,385.74,1192.81,985.09,1395.64,6376.73,6141.55,6606.38,11.25,87.71,17.95,84.54,21.18,90.07,47.0,48.0,47.0,35.0,12.0,62,66,58,37.0,58.0,53,71
3384.0,3315.0,3462.0,7293.0,7008.0,7616.0,12656.0,11991.0,13408.0,23435.0,22393.0,24615.0,17107.0,14427.0,20141.0,92.7,94.3,91.4,252.0,291.0,208.0,749.0,630.0,885.0,522.0,589.0,446.0,1179.0,1271.0,1074.0,1975.0,1871.0,2093.0,14249.0,11754.0,17072.0,12.3,95.5,42.1,100.0,50.6,83.8,48.0,42.0,53.0,32.0,16.0,72,64,80,38.0,58.0,64,80
256.0,280.0,230.0,1190.0,1182.0,1198.0,1702.0,1546.0,1873.0,3287.0,3162.0,3424.0,3126.0,2679.0,3614.0,92.1,93.0,91.3,545.0,553.0,535.0,1087.0,713.0,1496.0,102.0,130.0,71.0,579.0,631.0,522.0,218.0,140.0,303.0,3552.0,3108.0,4038.0,10.9,93.8,10.8,98.9,13.8,93.9,46.0,40.0,52.0,29.0,17.0,63,56,70,38.0,53.0,56,70
1291.54,1355.9,1226.24,2897.43,2826.84,2969.07,13755.56,13179.8,14339.8,18357.77,17740.03,18984.6,5291.27,5115.35,5469.78,93.16,93.77,92.58,571.98,686.87,455.4,878.5,718.39,1040.97,160.72,242.46,77.78,373.23,448.66,296.68,925.79,623.54,1232.49,4224.26,4035.98,4415.32,15.34,88.67,9.42,95.83,15.84,91.06,48.78,46.85,50.67,38.05,10.73,57,54,60,40.89,56.67,50,64
223.0,237.0,210.0,2071.0,1990.0,2154.0,3260.0,2966.0,3564.0,6525.0,6137.0,6925.0,8706.0,8127.0,9304.0,87.5,87.4,87.7,1316.0,1459.0,1169.0,1212.0,1101.0,1326.0,232.0,303.0,158.0,277.0,246.0,310.0,1529.0,1152.0,1918.0,7548.0,7149.0,7960.0,5.9,74.3,12.6,92.1,16.6,88.3,30.0,30.0,30.0,21.0,9.0,44,44,44,26.0,35.0,39,48
42.0,59.0,24.0,2248.0,2115.0,2387.0,6381.0,6031.0,6744.0,8799.0,8282.0,9335.0,4739.0,4137.0,5362.0,95.5,95.3,95.7,251.0,271.0,230.0,730.0,647.0,815.0,162.0,200.0,123.0,498.0,544.0,450.0,1637.0,1133.0,2160.0,4414.0,3793.0,5057.0,23.5,86.9,26.8,94.0,32.9,92.3,57.0,61.0,54.0,39.0,18.0,79,80,78,46.0,68.0,71,87
1214.38,1267.99,1164.45,3685.24,3702.3,3669.35,1370.58,1254.37,1478.81,6439.88,6366.33,6508.37,20762.68,17632.1,23678.17,98.75,98.45,98.96,1185.68,1316.61,1063.74,1685.55,1442.17,1912.2,285.43,301.8,270.18,336.7,403.07,274.89,2360.91,1751.04,2928.87,17045.05,14602.56,19319.72,6.8,89.8,10.73,98.74,15.61,92.58,61.77,60.69,62.92,45.87,15.9,76,70,82,55.09,68.44,70,83
400.0,412.0,388.0,6526.0,6355.0,6695.0,2625.0,2396.0,2850.0,9846.0,9410.0,10275.0,11472.0,10319.0,12608.0,66.9,69.5,64.9,602.0,685.0,519.0,814.0,736.0,891.0,263.0,317.0,210.0,233.0,236.0,229.0,1212.0,873.0,1546.0,7234.0,6816.0,7646.0,10.8,86.7,26.1,92.6,19.8,88.7,53.0,53.0,53.0,39.0,14.0,70,69,70,47.0,59.0,65,75
255.79,295.82,214.79,3053.95,2989.85,3119.6,6244.28,5923.08,6573.31,11199.75,10831.13,11577.36,10970.05,10681.75,11265.39,77.93,79.63,76.28,372.72,519.67,222.19,896.79,829.37,965.85,142.16,169.9,113.74,499.2,605.36,390.46,3063.24,2645.08,3491.6,8815.78,8795.28,8836.79,13.75,84.24,23.44,88.03,17.6,82.18,57.0,49.0,66.0,45.0,12.0,85,82,90,47.0,67.0,73,98
622.37,629.76,614.41,184.63,203.4,164.42,2241.02,1850.33,2661.69,3376.15,2965.03,3818.8,9223.75,8186.95,10340.07,93.5,93.95,93.12,106.34,128.92,82.04,304.32,268.99,342.35,487.1,599.46,366.13,424.2,419.57,429.18,1796.61,1680.01,1922.16,7361.66,6856.98,7905.06,7.26,73.93,22.01,98.91,17.71,98.42,67.32,67.91,66.69,45.03,22.29,119,111,127,59.86,74.79,111,127
1888.0,1796.0,1983.0,11031.0,10506.0,11569.0,3308.0,3001.0,3622.0,17243.0,16221.0,18289.0,36037.0,33411.0,38724.0,97.3,97.4,97.3,1296.0,1597.0,988.0,8122.0,7156.0,9111.0,343.0,390.0,295.0,885.0,902.0,867.0,7910.0,7203.0,8633.0,24231.0,22562.0,25940.0,13.0,87.2,40.5,88.2,30.2,72.9,50.0,48.0,52.0,39.0,11.0,62,62,62,45.0,56.0,57,67
148.07,181.55,113.35,581.43,622.83,538.49,5038.36,4654.69,5436.19,6109.95,5818.7,6411.95,3832.24,3640.46,4031.09,86.79,87.21,86.41,240.98,290.19,189.96,472.62,368.3,580.79,182.64,265.8,96.41,150.99,215.17,84.44,1116.83,912.31,1328.89,3377.26,3245.8,3513.58,12.53,88.57,28.36,87.1,28.8,91.44,60.0,49.0,74.0,36.0,24.0,80,69,92,51.0,70.0,71,88
2025.0,2031.0,2019.0,4578.0,4305.0,4870.0,4851.0,4542.0,5180.0,11960.0,11291.0,12675.0,11473.0,10198.0,12835.0,81.2,81.7,80.8,432.0,500.0,360.0,830.0,774.0,889.0,126.0,127.0,125.0,801.0,878.0,719.0,1751.0,1591.0,1922.0,8111.0,7547.0,8713.0,15.7,90.5,15.5,99.4,30.5,68.5,46.0,44.0,48.0,36.0,9.0,59,54,64,39.0,53.0,53,64
416.13,376.99,458.04,1759.0,1751.7,1766.81,10703.56,10413.72,11013.87,14094.07,13673.12,14544.76,8199.75,6822.34,9674.46,70.5,73.8,68.1,225.27,278.08,168.73,342.66,326.53,359.93,155.3,163.31,146.73,218.88,242.87,193.19,1063.19,1077.67,1047.68,5420.15,4646.82,6248.1,20.8,91.1,12.2,96.8,17.0,90.5,59.78,52.81,67.28,43.41,16.37,99,99,98,52.52,67.03,91,107
950.13,943.93,956.53,629.32,569.15,691.35,8917.97,8048.05,9814.73,11622.59,10655.56,12619.47,8751.0,8166.24,9353.8,94.67,94.15,95.14,1111.3,1342.31,873.16,1202.52,1035.27,1374.94,187.19,237.46,135.37,419.2,467.77,369.14,1823.96,1338.2,2324.72,8315.04,7750.95,8896.53,20.07,84.96,28.32,91.52,25.21,86.58,47.0,44.0,51.0,32.0,15.0,62,56,68,37.0,57.0,52,71
184.0,196.0,171.0,1859.0,1898.0,1819.0,2239.0,2158.0,2322.0,4834.0,4760.0,4911.0,7538.0,7276.0,7807.0,74.1,75.5,72.7,346.0,424.0,266.0,530.0,498.0,562.0,358.0,435.0,278.0,671.0,717.0,624.0,883.0,737.0,1033.0,6510.0,6626.0,6393.0,4.0,84.6,28.7,90.3,14.6,79.3,54.0,55.0,53.0,29.0,25.0,76,74,79,46.0,63.0,69,84
73.36,81.81,63.78,207.39,177.65,241.11,1570.4,1434.53,1724.48,1936.83,1807.31,2083.7,5967.36,5101.9,6948.81,93.63,93.61,93.64,260.63,225.11,300.92,360.17,300.36,428.0,266.04,330.31,193.15,480.56,538.97,414.31,517.96,435.57,611.38,4913.39,4087.42,5850.06,5.53,84.95,12.4,98.21,7.87,96.5,45.53,47.3,43.51,31.19,14.34,73,71,76,38.69,52.36,66,81
244.46,228.25,260.01,38.94,45.48,32.66,4472.93,4090.68,4839.63,5103.73,4650.87,5538.18,3752.4,3788.61,3717.65,60.65,62.92,58.42,418.13,575.33,267.33,960.14,952.46,967.51,154.66,205.34,106.05,192.04,161.76,221.1,382.34,319.58,442.56,3345.96,3510.85,3187.78,9.22,92.29,11.01,80.32,19.14,84.96,58.0,54.0,63.0,28.0,30.0,98,96,101,46.0,69.0,86,111
1317.79,1166.72,1452.74,117.99,119.16,116.94,6046.83,5642.84,6407.69,10627.54,9535.26,11603.2,12709.18,10758.69,14451.41,96.52,97.71,95.73,1070.27,1057.87,1081.35,1351.48,1525.43,1196.09,129.43,138.05,121.73,660.77,679.91,643.68,1324.45,1050.71,1568.96,8040.23,7603.2,8430.6,9.32,95.37,26.06,97.05,43.19,96.48,58.0,51.0,65.0,43.0,15.0,65,55,74,50.0,66.0,57,73
464.55,500.44,426.93,3394.51,3502.65,3281.13,6985.2,6800.99,7178.34,12100.5,12010.7,12194.65,4822.87,4318.83,5351.33,82.3,81.8,82.7,421.8,421.98,421.61,492.46,297.95,696.39,59.65,75.67,42.86,467.46,528.73,403.23,435.26,295.48,581.81,4032.0,3703.81,4376.09,22.5,95.0,33.3,71.2,32.1,94.6,69.02,67.76,70.4,44.92,24.1,77,76,78,53.91,84.13,67,87
1843.03,1781.89,1911.86,1366.01,1363.54,1368.8,4788.53,4419.88,5203.49,9513.97,9002.81,10089.34,9153.7,8347.04,10061.69,76.9,79.8,74.2,464.15,500.56,423.16,1163.24,762.17,1614.69,204.36,228.67,177.01,556.16,600.32,506.45,1113.57,870.89,1386.73,6946.93,6369.86,7596.48,7.6,96.4,5.5,98.6,17.0,89.5,69.37,69.12,69.66,56.65,12.73,92,91,94,55.98,82.76,83,102
3134.0,3080.0,3190.0,4584.0,4633.0,4533.0,13187.0,11866.0,14569.0,21514.0,20048.0,23050.0,15061.0,12864.0,17362.0,87.9,88.1,87.8,171.0,185.0,157.0,514.0,433.0,598.0,294.0,351.0,235.0,886.0,862.0,910.0,2270.0,2065.0,2483.0,10715.0,9170.0,12332.0,8.8,96.9,23.9,99.3,41.0,97.1,52.0,50.0,54.0,41.0,12.0,76,72,80,46.0,59.0,70,82
656.27,613.0,702.71,1203.91,1125.71,1287.86,6287.71,5952.61,6647.45,8368.72,7872.67,8901.24,8529.67,7617.07,9509.37,66.7,71.6,62.5,262.2,337.32,181.54,545.35,422.52,677.21,148.8,164.68,131.74,623.03,578.02,671.36,1631.47,1338.27,1946.22,6153.68,5577.38,6772.37,7.1,98.2,15.2,96.3,21.4,97.1,83.37,79.25,87.96,56.78,26.59,121,116,128,70.64,96.1,113,130
2560.0,2743.0,2378.0,2908.0,2572.0,3240.0,3525.0,2776.0,4266.0,9431.0,8514.0,10340.0,4289.0,3989.0,4586.0,80.1,81.7,78.8,485.0,514.0,457.0,784.0,553.0,1011.0,189.0,236.0,143.0,523.0,597.0,450.0,1496.0,1351.0,1639.0,4874.0,4584.0,5161.0,39.3,90.0,19.0,87.8,52.2,93.9,59.0,55.0,65.0,38.0,21.0,80,74,86,51.0,68.0,71,89
3602.0,3768.0,3430.0,12433.0,12320.0,12549.0,2671.0,2479.0,2870.0,18922.0,18778.0,19071.0,26267.0,24314.0,28297.0,84.3,85.8,83.1,971.0,1220.0,712.0,3832.0,3265.0,4422.0,331.0,365.0,296.0,700.0,847.0,548.0,3660.0,3133.0,4207.0,22367.0,21062.0,23724.0,28.8,89.5,20.5,88.3,42.4,78.6,52.0,56.0,48.0,36.0,16.0,87,91,82,35.0,69.0,72,103
509.36,614.25,407.1,3444.74,3325.59,3560.9,970.98,972.48,969.53,5265.66,5281.24,5250.47,13256.78,12302.47,14187.22,98.33,98.35,98.31,472.1,584.88,362.14,582.08,503.58,658.61,387.37,453.36,323.04,609.37,609.7,609.06,1286.24,899.94,1662.88,12810.44,12070.36,13532.02,11.72,69.81,26.81,96.95,23.41,94.77,81.79,81.23,82.43,59.24,22.55,106,100,112,70.64,92.94,96,116
257.58,250.44,265.12,194.18,231.05,155.25,2943.0,2922.63,2964.52,3868.39,3855.73,3881.77,3618.21,3292.23,3962.45,94.9,94.1,95.6,222.07,219.63,224.65,461.74,445.92,478.46,179.31,177.25,181.49,298.21,299.75,296.58,261.02,231.87,291.81,3507.84,3238.74,3792.01,7.1,98.3,11.3,98.9,8.7,98.6,54.1,52.65,55.64,32.71,21.39,66,68,65,43.83,64.36,57,75
132.76,126.12,139.74,75.45,95.98,53.87,6455.8,6098.3,6831.59,7168.55,6871.04,7481.28,11058.65,9828.58,12351.66,89.76,90.15,89.44,591.83,749.31,426.29,1435.81,1172.18,1712.93,208.22,251.98,162.21,387.73,399.25,375.61,907.68,663.24,1164.64,6321.82,6040.68,6617.36,11.91,84.44,16.06,93.19,28.55,89.3,54.0,53.0,55.0,31.0,23.0,73,70,76,44.0,63.0,63,83
813.52,922.11,718.31,6543.8,6753.32,6360.11,1467.48,1217.13,1686.99,9351.59,9326.57,9373.52,19751.34,18059.37,21234.79,96.68,96.8,96.59,674.36,804.03,560.66,1033.18,878.61,1168.69,327.04,308.87,342.97,458.52,525.46,399.83,1901.21,1524.44,2231.55,14009.64,11882.12,15874.95,15.19,88.74,21.86,98.85,29.03,94.49,80.24,80.66,80.0,61.43,18.81,99,101,97,70.77,89.71,89,108
364.31,430.78,292.15,1756.43,1769.17,1742.59,4473.04,4032.04,4951.74,6873.06,6476.52,7303.5,8883.94,8130.04,9702.23,97.7,99.0,96.5,563.45,540.29,588.6,1150.67,807.65,1523.01,227.62,264.62,187.45,859.64,924.65,789.07,1782.05,1480.46,2109.42,7797.22,6993.27,8669.89,7.9,92.4,11.4,95.8,10.2,98.2,54.1,53.78,54.44,30.61,23.49,70,69,72,42.32,65.88,60,80
344.23,401.2,285.66,6350.23,6307.4,6394.27,12080.49,12307.41,11847.23,18975.27,19218.06,18725.69,18341.61,15672.0,21085.77,96.42,96.17,96.61,605.93,733.65,474.64,897.4,903.13,891.52,278.3,350.37,204.21,253.37,228.79,278.63,2753.48,2489.64,3024.68,14179.08,13529.86,14846.43,8.47,77.83,21.04,99.57,24.71,94.66,68.59,67.94,69.28,52.07,16.52,99,91,108,53.18,84.0,88,110
222.31,215.64,229.78,8838.33,8862.71,8811.03,2808.2,2396.89,3268.9,12151.85,11718.81,12636.89,7355.84,6008.28,8865.18,91.27,90.67,91.73,235.03,266.33,199.98,219.96,138.26,311.46,188.58,199.61,176.23,1097.15,1213.42,966.92,2872.89,2031.94,3814.79,7327.51,5981.67,8834.94,8.66,71.08,42.93,92.14,21.41,86.84,56.46,54.5,58.78,35.85,20.61,79,72,87,49.0,63.91,71,87
479.61,482.4,476.56,1144.31,1086.91,1207.28,2334.48,2195.42,2487.01,4246.24,4021.98,4492.24,8092.56,6947.08,9349.03,94.2,94.6,94.0,1069.04,1136.75,994.78,1932.8,1502.22,2405.09,231.42,199.4,266.54,580.72,577.95,583.77,1839.19,1264.31,2469.76,7584.57,6549.66,8719.76,20.5,96.6,21.2,99.8,20.4,98.2,37.33,37.5,37.13,24.19,13.14,46,47,44,32.9,41.76,41,51
412.0,391.0,433.0,2798.0,2919.0,2681.0,6162.0,5826.0,6487.0,11671.0,11249.0,12081.0,13684.0,12008.0,15309.0,75.1,77.6,73.2,468.0,569.0,370.0,774.0,670.0,875.0,502.0,596.0,411.0,1234.0,1262.0,1206.0,2680.0,2274.0,3074.0,9425.0,9068.0,9771.0,6.6,39.7,27.1,98.4,33.4,96.1,44.0,46.0,41.0,28.0,16.0,57,59,56,37.0,50.0,52,63
645.85,609.03,687.57,2166.16,2094.47,2247.39,3293.44,2876.15,3766.24,6377.76,5804.05,7027.79,7528.81,6686.23,8483.46,97.46,97.75,97.19,775.97,890.3,646.44,1247.35,1059.44,1460.25,277.79,299.93,252.69,456.26,501.62,404.87,485.14,317.85,674.68,6785.53,5985.67,7691.8,12.04,97.86,15.23,99.7,21.82,98.66,44.28,43.06,45.66,28.56,15.72,58,55,62,37.32,51.23,52,64
463.33,461.15,465.55,1544.7,1556.42,1532.73,4110.61,3940.55,4284.23,6508.0,6333.51,6686.15,3784.92,3497.59,4078.26,97.13,95.15,98.86,722.43,855.34,586.73,783.83,680.45,889.37,109.08,130.04,87.68,589.06,591.62,586.44,507.11,294.87,723.79,4252.29,4080.17,4428.01,8.39,89.37,12.44,93.21,9.23,94.84,34.93,29.24,40.64,24.34,10.58,43,34,51,29.58,40.28,38,47
663.0,623.0,705.0,362.0,357.0,367.0,2124.0,1869.0,2393.0,4453.0,4027.0,4903.0,11921.0,11415.0,12454.0,97.6,97.7,97.6,694.0,878.0,500.0,2252.0,1968.0,2552.0,219.0,270.0,165.0,511.0,548.0,472.0,1372.0,1167.0,1589.0,11478.0,10986.0,11998.0,15.3,87.4,23.7,85.9,28.2,83.9,48.0,43.0,53.0,33.0,15.0,58,56,60,38.0,59.0,48,69
349.04,357.36,341.24,7326.73,7635.88,7036.57,699.84,625.39,769.71,8698.15,8916.6,8493.13,19145.53,17759.0,20446.86,99.72,99.71,99.73,385.18,443.78,330.19,828.89,425.38,1207.59,232.32,298.34,170.35,495.42,677.87,324.17,3402.74,3500.06,3311.41,16502.71,15736.26,17222.05,7.28,81.56,22.43,98.8,26.15,91.7,87.11,87.5,87.0,59.9,27.21,117,112,122,76.38,97.84,107,127
2280.0,2280.0,2280.0,6771.0,6821.0,6719.0,6139.0,5965.0,6317.0,16103.0,15820.0,16392.0,12696.0,11697.0,13717.0,91.2,90.2,92.0,205.0,210.0,200.0,1004.0,876.0,1135.0,219.0,245.0,193.0,951.0,973.0,930.0,1410.0,1244.0,1580.0,8062.0,7058.0,9089.0,9.1,90.5,27.2,99.5,20.1,93.4,48.0,42.0,55.0,30.0,19.0,66,59,74,43.0,54.0,61,71
999.63,998.92,1000.23,3888.61,4058.24,3743.73,6148.1,6459.35,5882.24,11335.56,11815.53,10925.6,19744.3,17279.59,21849.53,98.28,98.2,98.34,502.77,587.54,430.36,800.84,604.46,968.57,331.86,369.43,299.78,530.02,710.15,376.16,2806.89,2512.36,3058.45,15142.77,13980.04,16135.92,10.53,78.26,20.78,96.63,23.52,93.54,83.63,82.65,84.68,63.61,20.03,104,102,107,74.36,92.9,96,112
404.85,429.25,378.24,514.65,499.47,531.2,5253.88,5104.37,5416.97,6472.68,6373.82,6580.51,4500.76,4355.34,4659.39,94.7,94.3,95.1,354.86,388.93,317.7,761.18,560.24,980.37,81.62,86.03,76.81,440.52,470.84,407.44,417.02,316.12,527.08,4205.17,4111.46,4307.4,16.5,91.5,15.6,80.9,20.9,97.6,62.61,56.81,68.9,40.76,21.85,76,71,83,51.67,73.56,69,84
316.0,321.0,310.0,3293.0,3253.0,3334.0,1688.0,1570.0,1809.0,5401.0,5230.0,5577.0,14258.0,12281.0,16287.0,72.5,75.9,69.9,474.0,587.0,358.0,703.0,706.0,700.0,530.0,673.0,383.0,480.0,479.0,482.0,3260.0,2354.0,4189.0,10046.0,9097.0,11020.0,13.8,88.4,29.3,94.7,28.1,87.9,45.0,44.0,46.0,33.0,12.0,55,50,60,37.0,53.0,48,62
2500.0,2651.0,2336.0,4381.0,4328.0,4438.0,5445.0,5346.0,5552.0,12795.0,12559.0,13049.0,17830.0,15167.0,20709.0,85.2,86.0,84.6,218.0,280.0,152.0,820.0,634.0,1021.0,205.0,228.0,180.0,1837.0,1800.0,1877.0,1897.0,1529.0,2294.0,12510.0,10677.0,14490.0,10.9,84.1,43.6,99.0,42.7,96.4,49.0,44.0,55.0,34.0,15.0,71,65,78,44.0,55.0,65,77
890.0,924.0,857.0,4709.0,4509.0,4905.0,7463.0,7482.0,7445.0,16902.0,16530.0,17266.0,24780.0,21972.0,27521.0,91.3,91.6,91.0,531.0,566.0,496.0,1055.0,1014.0,1096.0,965.0,1070.0,863.0,3879.0,3906.0,3852.0,2488.0,2164.0,2804.0,18047.0,16413.0,19643.0,11.9,46.3,23.2,98.2,49.0,93.8,40.0,39.0,41.0,23.0,17.0,61,58,64,35.0,45.0,56,67
178.0,184.0,172.0,933.0,894.0,975.0,1785.0,1604.0,1979.0,4068.0,3814.0,4343.0,9714.0,8907.0,10584.0,91.9,90.5,93.2,1608.0,1882.0,1314.0,1447.0,1387.0,1510.0,189.0,228.0,147.0,430.0,437.0,423.0,2080.0,1473.0,2736.0,8759.0,8174.0,9391.0,6.8,94.0,7.5,95.3,14.8,95.3,28.0,27.0,29.0,20.0,8.0,38,37,38,24.0,32.0,33,42
2698.0,2732.0,2662.0,5166.0,5145.0,5188.0,6842.0,6759.0,6931.0,15290.0,15189.0,15398.0,14243.0,12622.0,15970.0,89.0,92.5,86.0,342.0,412.0,269.0,1154.0,996.0,1322.0,482.0,528.0,433.0,1157.0,1086.0,1233.0,1615.0,1254.0,1999.0,11807.0,10701.0,12985.0,9.8,96.8,49.8,99.8,46.3,87.1,55.0,52.0,60.0,36.0,19.0,84,74,95,49.0,62.0,78,90
846.92,908.82,776.48,4657.78,4448.92,4895.49,2240.74,2047.03,2461.18,8156.99,7797.24,8566.41,10811.64,10223.84,11480.61,98.69,100.0,97.36,221.45,229.51,212.27,442.25,355.16,541.36,397.3,445.37,342.58,731.54,859.24,586.21,769.96,711.33,836.69,9805.11,9290.77,10390.47,10.83,96.82,29.2,99.0,19.18,97.98,80.19,80.04,80.35,53.96,26.24,114,107,121,72.46,87.93,104,124
535.0,565.0,506.0,1469.0,1714.0,1230.0,3786.0,3607.0,3961.0,10004.0,9681.0,10318.0,14307.0,12127.0,16436.0,82.2,84.3,80.7,477.0,597.0,361.0,1324.0,1028.0,1613.0,466.0,538.0,396.0,707.0,757.0,658.0,2547.0,2104.0,2978.0,11256.0,10236.0,12252.0,8.9,49.2,19.9,98.0,52.3,97.4,40.0,42.0,39.0,25.0,15.0,51,50,52,34.0,46.0,44,57
59.0,46.0,74.0,2061.0,1976.0,2151.0,1994.0,2036.0,1950.0,4229.0,4138.0,4325.0,4853.0,4573.0,5151.0,86.5,86.6,86.4,314.0,416.0,206.0,1011.0,973.0,1051.0,174.0,222.0,123.0,449.0,513.0,381.0,1638.0,1383.0,1909.0,4733.0,4517.0,4962.0,20.3,90.0,10.3,91.0,21.5,92.0,67.0,65.0,70.0,48.0,19.0,80,75,86,59.0,76.0,70,91
305.0,299.0,311.0,455.0,436.0,474.0,2054.0,1816.0,2307.0,3415.0,3120.0,3729.0,10345.0,9843.0,10878.0,98.8,98.8,98.8,371.0,459.0,277.0,1833.0,1560.0,2124.0,293.0,422.0,156.0,539.0,690.0,378.0,1557.0,1360.0,1766.0,10107.0,9577.0,10671.0,9.6,87.9,12.9,93.5,24.3,93.5,70.0,69.0,71.0,40.0,30.0,91,92,91,51.0,89.0,78,105
1347.0,1383.0,1310.0,1647.0,1562.0,1736.0,2919.0,2952.0,2884.0,6283.0,6258.0,6310.0,5253.0,4599.0,5940.0,87.5,90.1,85.3,298.0,349.0,244.0,472.0,395.0,553.0,140.0,147.0,133.0,385.0,376.0,395.0,909.0,697.0,1132.0,5084.0,4489.0,5709.0,7.4,90.9,29.1,99.9,32.4,76.5,43.0,44.0,42.0,32.0,11.0,66,67,65,39.0,47.0,62,71
4736.0,4688.0,4785.0,12735.0,12065.0,13434.0,8134.0,7231.0,9076.0,25696.0,24070.0,27389.0,12200.0,10637.0,13829.0,88.6,89.1,88.3,302.0,382.0,218.0,593.0,578.0,609.0,478.0,524.0,429.0,1176.0,1144.0,1209.0,1672.0,1475.0,1878.0,9806.0,8457.0,11212.0,9.9,94.2,32.2,100.0,34.5,97.3,53.0,52.0,54.0,40.0,13.0,91,90,92,45.0,61.0,82,100
472.62,466.95,477.85,3896.83,3565.05,4203.11,1983.42,1944.17,2019.66,7863.42,7273.49,8408.0,12260.35,11304.47,13142.74,86.91,87.97,86.06,1209.9,1485.68,955.32,1850.33,1467.09,2204.12,252.89,299.43,209.93,511.39,508.75,513.83,3550.83,2671.42,4362.62,12243.38,11193.56,13212.49,16.24,83.17,38.31,92.94,32.54,91.24,56.0,51.0,61.0,35.0,21.0,87,88,86,44.0,68.0,77,96
450.0,448.0,453.0,1083.0,979.0,1188.0,3264.0,3040.0,3488.0,5112.0,4746.0,5477.0,4753.0,4452.0,5054.0,94.2,97.4,91.4,358.0,466.0,249.0,1006.0,689.0,1322.0,159.0,150.0,169.0,827.0,1047.0,606.0,1014.0,737.0,1291.0,4563.0,4305.0,4820.0,9.4,58.7,8.2,96.6,14.2,91.6,65.0,62.0,68.0,44.0,21.0,85,80,91,55.0,75.0,77,94
201.36,186.16,218.4,2131.15,2021.47,2254.09,1498.41,1469.0,1531.38,4003.06,3863.81,4159.17,4865.36,5028.85,4682.09,95.3,96.6,93.8,144.77,197.93,85.17,139.63,142.64,136.26,352.54,447.95,245.59,306.69,356.06,251.34,291.42,271.83,313.37,4175.37,4489.06,3823.71,10.1,91.1,25.6,95.9,14.1,93.1,71.67,70.42,72.94,42.56,29.11,98,91,105,61.34,82.0,87,108
452.46,426.32,480.15,2945.2,2728.59,3174.75,1933.3,1855.58,2015.66,5468.53,5118.5,5839.47,12286.93,10594.23,14080.74,97.78,98.06,97.56,2172.76,2239.82,2101.7,3248.55,2822.42,3700.14,229.59,259.56,197.83,704.36,768.53,636.36,1206.39,647.46,1798.7,10967.65,9636.7,12378.1,10.34,80.32,17.93,95.88,18.85,92.92,34.14,34.53,33.69,24.96,9.17,40,40,40,30.67,37.6,37,43
2514.0,2643.0,2382.0,8593.0,9020.0,8158.0,9371.0,8942.0,9808.0,21500.0,21620.0,21379.0,10672.0,9923.0,11435.0,85.7,88.3,83.5,240.0,283.0,196.0,805.0,608.0,1006.0,347.0,378.0,315.0,1363.0,1343.0,1384.0,1230.0,1096.0,1367.0,9944.0,8396.0,11523.0,7.3,92.0,31.8,100.0,36.3,95.7,44.0,43.0,46.0,28.0,16.0,77,70,85,38.0,50.0,70,83
412.0,405.0,419.0,1745.0,1606.0,1887.0,4004.0,3583.0,4436.0,7219.0,6513.0,7945.0,4873.0,4532.0,5222.0,94.4,96.0,93.0,497.0,489.0,504.0,972.0,779.0,1171.0,255.0,259.0,250.0,478.0,579.0,375.0,617.0,569.0,667.0,4348.0,4215.0,4484.0,14.0,50.7,11.7,88.0,35.6,89.9,63.0,60.0,66.0,41.0,21.0,91,89,93,52.0,73.0,81,100
1232.78,1258.69,1203.92,3532.0,3422.43,3653.98,3776.56,3577.09,3998.61,8598.79,8325.13,8903.44,4755.31,4503.57,5035.54,86.4,90.0,82.9,195.8,213.07,176.57,452.61,295.17,627.89,67.83,63.61,72.52,255.83,249.1,263.33,258.44,229.77,290.36,4341.2,4082.8,4628.87,10.7,82.7,5.7,100.0,87.0,98.9,69.01,67.82,70.26,48.14,20.87,88,84,93,52.68,85.34,76,100
1707.66,1768.83,1646.68,5329.51,5144.47,5513.99,10237.89,9676.83,10797.26,17761.15,17071.51,18448.7,12708.38,10893.88,14517.4,55.4,58.4,53.2,305.4,366.65,244.32,393.27,307.7,478.59,129.43,122.88,135.96,403.51,488.21,319.07,623.46,401.85,844.41,4321.73,4211.79,4431.34,13.1,94.1,47.1,80.1,34.4,91.4,67.85,61.87,73.88,46.11,21.74,84,81,88,54.29,81.42,74,94
377.16,430.98,324.44,10807.39,10370.12,11235.66,1817.51,1854.66,1781.12,13315.96,12984.68,13640.41,19392.87,19207.92,19574.0,95.27,95.54,95.02,271.41,263.05,279.59,642.83,444.37,837.21,258.02,251.43,264.48,709.24,813.43,607.21,2262.33,2436.3,2091.95,15074.65,15381.93,14773.71,14.45,71.73,18.24,98.63,29.54,92.72,96.36,96.02,97.0,67.83,28.53,130,121,139,87.86,104.86,120,140
570.07,620.89,517.32,22523.57,21933.34,23136.2,3790.65,3737.15,3846.18,27648.31,26861.11,28465.38,10326.22,9632.15,11046.63,90.12,91.5,88.88,172.39,158.81,186.48,252.01,171.84,335.21,470.87,546.21,392.67,1541.41,1866.31,1204.19,2103.29,1462.06,2768.84,9192.13,8182.36,10240.21,12.63,76.21,58.81,97.98,45.79,94.65,84.28,77.13,92.91,65.14,19.15,108,93,126,71.68,96.88,99,117
754.24,791.59,716.65,5599.78,5499.89,5700.31,1199.55,1083.41,1316.44,7822.34,7610.25,8035.79,19379.05,17489.98,21280.23,99.38,99.13,99.59,955.49,1067.81,842.45,987.39,795.61,1180.4,339.72,360.05,319.27,465.41,545.32,384.98,1883.48,1526.86,2242.39,16997.82,15587.46,18417.22,9.47,83.22,21.84,99.02,26.11,95.71,68.8,71.5,65.63,52.3,16.5,82,84,80,60.72,76.87,75,90
359.0,345.0,373.0,634.0,618.0,652.0,2906.0,2802.0,3017.0,4402.0,4170.0,4646.0,7497.0,7196.0,7815.0,96.3,96.8,95.8,452.0,541.0,358.0,2336.0,2594.0,2063.0,126.0,155.0,96.0,466.0,581.0,344.0,929.0,701.0,1171.0,9370.0,9272.0,9474.0,3.1,74.9,7.1,90.7,12.6,85.1,48.0,47.0,48.0,27.0,21.0,61,60,62,40.0,55.0,54,68
1799.0,1598.0,2009.0,9760.0,9194.0,10352.0,3372.0,2415.0,4371.0,15234.0,13504.0,17042.0,24271.0,23354.0,25229.0,85.5,86.4,84.6,1074.0,1290.0,849.0,5166.0,4757.0,5593.0,496.0,571.0,417.0,451.0,451.0,452.0,4162.0,2114.0,6301.0,16474.0,15770.0,17209.0,8.0,87.8,43.6,83.0,29.1,82.1,50.0,50.0,50.0,35.0,15.0,66,65,66,46.0,55.0,60,71
1232.0,992.0,1489.0,518.0,421.0,621.0,2968.0,2818.0,3128.0,5201.0,4666.0,5774.0,12536.0,12071.0,13034.0,98.4,98.8,98.0,462.0,606.0,308.0,1990.0,1880.0,2107.0,216.0,282.0,145.0,433.0,511.0,350.0,1638.0,1367.0,1928.0,12291.0,11936.0,12672.0,9.4,93.9,11.4,91.8,14.8,81.0,53.0,53.0,53.0,38.0,15.0,70,72,69,44.0,62.0,63,78
780.13,750.1,808.16,193.24,188.89,197.3,10109.05,9463.32,10711.64,16082.55,15027.29,17067.33,4773.95,4458.38,5068.44,96.86,97.13,96.63,566.46,717.24,425.75,943.61,684.16,1185.72,83.03,110.5,57.4,242.67,243.68,241.73,627.29,472.04,772.18,4664.21,4361.78,4946.44,9.43,99.35,11.69,98.42,38.12,96.42,45.0,42.0,49.0,33.0,12.0,51,49,53,38.0,53.0,44,58
248.0,267.0,230.0,1632.0,1042.0,2197.0,2300.0,2020.0,2568.0,4754.0,3845.0,5623.0,5218.0,4880.0,5542.0,85.8,86.9,84.8,490.0,669.0,319.0,377.0,367.0,386.0,217.0,274.0,163.0,502.0,463.0,539.0,949.0,865.0,1030.0,5303.0,5189.0,5412.0,5.5,87.0,15.4,98.4,25.2,96.4,27.0,27.0,27.0,18.0,9.0,33,33,33,22.0,32.0,28,38
187.3,205.32,166.28,4411.48,3940.2,4961.04,3230.88,3306.94,3142.18,8258.24,7849.27,8735.14,11126.68,9627.77,12874.55,97.07,97.9,96.34,632.16,707.59,544.2,809.92,570.16,1089.5,330.4,332.88,327.5,433.63,469.22,392.12,819.37,625.74,1045.16,8928.72,7545.39,10541.82,3.37,96.49,20.71,99.14,7.88,97.64,36.57,34.37,39.04,24.28,12.29,50,47,54,31.34,41.79,45,55
455.09,460.62,449.46,6892.99,6731.12,7057.53,7465.46,6455.6,8492.05,16064.68,14708.57,17443.25,9497.69,8447.19,10565.59,92.32,92.39,92.25,493.18,470.91,515.81,577.55,481.47,675.22,376.18,403.71,348.2,1386.81,1633.4,1136.14,1370.33,902.24,1846.19,9514.34,8417.91,10628.92,10.8,81.98,39.61,97.88,29.19,94.78,61.52,59.8,63.58,47.44,14.09,79,74,85,48.97,74.07,70,88
2010.42,1915.42,2107.32,4096.6,4135.11,4057.32,8769.56,8390.01,9156.71,15471.36,15011.17,15940.76,4533.9,5530.65,3517.2,93.64,95.39,90.83,330.6,415.69,243.81,304.68,203.12,408.27,253.18,384.16,119.59,993.83,1105.35,880.07,518.9,364.69,676.2,4083.44,3705.73,4468.71,33.81,97.45,26.33,99.73,17.91,90.51,57.25,59.01,55.48,42.4,14.85,73,73,72,44.94,69.57,62,83
307.0,303.0,312.0,4270.0,4105.0,4434.0,4802.0,4589.0,5012.0,12911.0,12298.0,13517.0,20260.0,16839.0,23646.0,86.9,87.0,86.9,494.0,556.0,433.0,1283.0,1062.0,1501.0,469.0,579.0,360.0,1315.0,1294.0,1336.0,2090.0,1650.0,2524.0,15995.0,13633.0,18333.0,6.4,54.7,21.3,98.3,37.0,93.6,44.0,43.0,46.0,25.0,19.0,59,58,60,40.0,49.0,52,65
1271.02,1201.31,1339.44,238.56,207.93,268.63,8648.71,7983.79,9301.37,11033.44,10182.28,11868.91,3266.52,3119.18,3411.15,91.01,91.91,90.2,451.36,620.09,285.74,740.3,567.18,910.23,53.59,77.46,30.16,155.52,172.37,138.97,183.8,140.13,226.67,3033.91,2923.92,3141.88,12.47,80.19,29.09,84.28,30.04,89.17,53.0,53.0,53.0,41.0,11.0,69,69,69,46.0,60.0,62,77
610.73,626.82,592.73,11488.42,11054.79,11973.5,3583.47,3526.06,3647.69,16234.41,15698.75,16833.62,11605.4,9480.08,13982.87,94.42,94.99,94.0,589.73,515.84,672.38,835.3,551.67,1152.59,447.44,459.63,433.8,1332.74,1570.74,1066.51,3194.08,1945.87,4590.39,10882.06,9034.02,12949.35,15.16,68.81,38.15,96.93,27.67,95.23,49.61,47.44,52.1,34.82,14.79,59,55,62,43.07,56.15,52,65
648.89,671.08,624.4,5277.2,5000.81,5582.35,4836.98,4330.78,5395.84,11871.1,10935.73,12903.75,7058.78,6374.33,7814.42,88.11,80.89,94.61,335.14,336.46,333.68,336.52,253.09,428.63,364.89,382.73,345.2,1194.72,1383.33,986.5,945.94,620.05,1305.72,7034.38,6340.12,7800.85,15.34,81.08,35.98,97.12,29.29,96.06,63.53,60.06,66.8,45.61,17.92,80,72,87,53.33,73.73,72,87
2551.0,2831.0,2262.0,2382.0,2579.0,2178.0,4287.0,3555.0,5041.0,10300.0,9941.0,10669.0,5021.0,4707.0,5346.0,82.5,83.7,81.5,517.0,565.0,467.0,989.0,826.0,1158.0,138.0,142.0,134.0,558.0,676.0,436.0,1031.0,846.0,1221.0,4560.0,4287.0,4841.0,21.1,93.1,12.2,88.8,20.6,92.0,63.0,64.0,63.0,47.0,16.0,77,80,73,51.0,75.0,67,87
169.61,212.82,119.67,1109.57,1149.81,1063.04,1661.43,1369.58,1998.82,3156.67,2957.02,3387.47,4890.5,4705.16,5104.76,95.73,96.58,94.83,446.89,525.25,356.31,767.27,680.89,867.11,167.84,172.69,162.23,306.51,328.34,281.28,462.34,331.86,613.16,3892.15,3784.01,4017.16,6.28,90.59,8.67,99.33,10.84,98.37,40.84,40.65,41.06,28.82,12.02,59,58,61,34.88,46.79,52,67
746.04,721.68,770.58,1895.75,1843.19,1948.68,18010.4,17742.95,18279.76,20789.07,20438.98,21141.66,4519.51,4290.84,4749.81,85.86,85.86,85.86,440.77,593.1,287.35,529.32,463.56,595.55,243.73,290.27,196.86,161.13,160.9,161.35,986.87,707.84,1267.89,3777.98,3690.9,3865.68,6.92,91.77,14.06,95.1,13.35,92.31,57.25,50.93,63.96,38.31,18.94,68,65,72,47.09,67.4,60,76
465.42,465.54,465.29,1841.59,1883.04,1797.25,11019.55,10694.04,11367.73,13966.61,13536.68,14426.49,5617.38,5298.59,5958.37,76.9,81.3,72.7,533.4,676.65,380.18,938.79,838.66,1045.89,56.13,81.51,28.99,249.96,289.08,208.11,976.72,831.56,1131.99,4793.6,4683.25,4911.63,47.1,97.6,12.7,94.0,22.0,94.5,70.83,71.79,69.81,44.2,26.63,85,84,86,54.73,86.92,73,97
954.9,855.03,1046.99,5103.84,4967.92,5229.19,5861.93,5450.57,6241.29,17615.83,16319.72,18811.12,15702.27,13900.7,17363.7,95.59,96.14,95.18,863.66,1060.69,681.96,2314.18,1662.82,2914.87,178.87,217.79,142.97,762.98,745.72,778.89,2382.17,1848.15,2874.65,14075.37,12812.08,15240.38,9.52,99.21,22.99,94.9,39.5,92.66,48.0,47.0,48.0,31.0,17.0,55,52,59,42.0,54.0,49,62
845.91,863.44,826.51,849.25,865.44,831.34,11138.34,10193.48,12184.26,13019.16,12086.84,14051.2,4841.05,4669.43,5031.02,76.5,76.3,76.7,273.54,312.62,230.27,205.21,190.57,221.42,112.19,149.77,70.59,310.56,381.77,231.73,553.92,471.49,645.16,3444.55,3319.27,3583.22,21.2,94.4,19.9,97.6,32.3,89.3,67.21,51.17,84.82,50.78,16.43,112,101,124,57.9,76.52,100,124
1056.06,1028.51,1083.15,3520.72,3519.53,3521.88,2144.1,1935.95,2348.69,7090.92,6822.5,7354.75,18284.19,16209.87,20323.1,95.23,95.56,94.98,667.55,736.01,600.25,756.11,699.03,812.22,331.98,430.0,235.64,530.0,602.97,458.27,1089.12,754.63,1417.9,12463.7,11447.58,13462.46,9.35,91.82,12.73,100.0,15.87,99.37,81.41,79.74,83.18,59.6,21.81,104,101,107,73.11,89.7,95,113
368.82,395.63,338.62,18095.89,17058.76,19263.98,2019.36,1823.4,2240.06,21108.38,19824.41,22554.5,8600.21,6675.9,10767.53,95.93,96.73,95.37,512.5,505.97,519.85,1209.32,817.31,1650.83,380.62,404.04,354.24,1469.74,1670.91,1243.17,1289.44,1003.93,1611.01,8346.43,6536.48,10384.95,11.86,75.4,48.95,98.9,27.26,96.35,51.3,48.65,54.24,36.77,14.53,71,64,77,42.87,59.74,64,77
880.35,855.31,905.8,6470.7,6183.93,6762.3,10047.25,9953.52,10142.56,17578.87,17162.54,18002.21,6461.39,6409.61,6514.05,92.01,91.22,92.8,500.44,649.16,349.22,553.85,445.91,663.6,321.08,405.09,235.65,141.81,168.5,114.68,762.43,698.78,827.15,3981.06,4107.91,3852.08,7.89,96.67,18.96,99.59,10.21,93.42,55.0,50.99,59.04,39.38,15.62,67,64,71,46.25,63.76,60,74
66.13,64.01,68.6,1052.95,1008.16,1105.27,657.81,538.68,796.94,1924.67,1721.8,2161.6,6872.03,6509.89,7294.96,95.69,96.7,94.64,286.34,305.63,263.81,495.85,401.52,606.0,377.02,407.77,341.12,917.27,905.8,930.66,907.98,811.65,1020.47,5465.82,5434.64,5502.23,24.3,98.94,21.11,100.0,20.29,98.36,65.02,63.25,66.9,48.2,16.82,97,92,102,54.51,75.53,87,107
2464.0,2417.0,2516.0,2051.0,2147.0,1943.0,3885.0,3725.0,4065.0,8989.0,8875.0,9118.0,12991.0,11918.0,14201.0,89.8,88.8,90.7,283.0,341.0,218.0,737.0,639.0,847.0,468.0,506.0,425.0,1406.0,1357.0,1461.0,2016.0,1792.0,2269.0,11201.0,9593.0,13015.0,19.9,96.8,25.1,99.1,32.9,94.7,59.0,59.0,59.0,44.0,14.0,95,90,100,54.0,64.0,89,100
